account_number,account_name,balance,account_type,recent_transactions,bank_code,status
8902300826,Christopher Valentine,744654.95,Loan,2344.37;8586.12;6732.06;8901.53;2506.58;2783.22,XYZ,active
2742994791,Marc Lane,112149.28,Business,5008.17;8420.24;4176.37;2265.08;7483.16;571.86;2997.56;6608.37;605.97;6140.39,DEF,active
3530545330,Kathryn Myers,483261.69,Savings,9115.31;7004.25;8630.34;3183.73;6885.99;9560.17;1102.38;4971.71;510.02,DEF,closed
3994814721,Taylor Campbell,220749.53,Business,4282.25;8946.62;5830.97;2554.22,JKL,active
8010420749,Justin Dunlap,746422.95,Loan,2168.17;5786.76;8044.18;8260.29;3384.13;7100.13;6820.55;7736.55,ABC,active
1733886897,Hannah Kennedy,554820.86,Loan,1820.42;1486.23;7210.71;1350.87;5776.27;6358.16;5615.89;8441.85;9370.87;9632.79,XYZ,active
7395755476,Albert Johnston,140340.59,Personal,7373.17;845.47;2574.95;3762.76;4145.97;9648.73;3157.44;9862.12;1554.0,XYZ,inactive
9102337562,Allison Hall,167549.28,Business,1854.42;6229.46;4299.61,GHI,closed
2324506136,Kyle Lynch,454924.19,Business,2382.67;4620.82;6781.24;684.36;7914.04;4409.97;9943.65;2988.18;9317.56,XYZ,closed
8146562758,Samantha Yates,454190.58,Personal,2782.72;2862.95;3754.32;2602.13,DEF,closed
2854993493,Timothy Carr,135177.02,Business,7502.66;2518.85;4273.91;1193.2;4424.2;3740.92,ABC,active
4644279938,Deborah Robinson,464132.74,Personal,6226.49;9542.85;6307.4;4022.57,DEF,inactive
9712309218,Mary Tran,788134.72,Personal,1752.08;2532.91;3730.23,GHI,inactive
1318412790,Richard Wilcox,697752.28,Loan,8453.91;9269.65;2233.15,XYZ,active
1850818709,Amanda Conway,865509.7,Personal,4440.12;9529.15;3704.74;490.81;7273.79;5836.86;2038.34;2227.03;8667.29,GHI,closed
9286143109,Raymond Ortiz,555845.9,Business,1018.3;6624.58;4914.07;837.71;3770.44;1286.4;2341.63;2540.8;1922.99;489.84,ABC,inactive
7168642930,Matthew Harris,77583.25,Business,5209.24;6906.77;6125.41;6494.54;5847.37;7983.96;6138.43;4159.47;350.32,XYZ,inactive
9831049406,Kristin Johnson,577237.76,Savings,6909.74;4339.37;9685.85;1203.86;9602.45;8621.63;8303.46;9096.71,GHI,active
7906926806,Katie Howell,388673.86,Business,6263.23;8336.22;7961.06;2250.25;389.33;3101.09;270.29;1533.57;5111.91;1353.31,XYZ,active
7678189017,James Robinson,281479.17,Savings,614.06;1835.42;9583.1;3183.31;8790.27;1788.07;6717.72;7021.28;6393.1;7220.23,XYZ,closed
1157277378,Maria West,805459.98,Savings,1395.55;2999.36,GHI,active
9754193323,Paul Wilson,904782.47,Loan,9532.05;3486.23;6642.96;6912.99;7027.19,DEF,active
1809992311,Donald Brown,678161.0,Savings,3939.83;5307.97;8437.86;6927.61;8563.0;741.22;1662.66,DEF,active
9107588307,Michelle Perkins,614623.17,Savings,5502.62;6297.42;1819.66;1167.0;3108.61;4449.92;7960.44;2813.98;4499.12,DEF,active
1897047776,Cody Garrison,281151.5,Loan,6207.69;705.41;6552.94;1082.54;4373.37;6489.19;3854.39;3291.99,XYZ,inactive
9802988774,Bonnie Lopez,777086.5,Personal,7694.22;2314.77;5344.1;8079.1;8760.36;3147.67;4066.43;9533.02;7480.06,ABC,inactive
2592552664,Christine Flores,807097.7,Business,3289.79;1784.16;6777.8,ABC,active
6400841714,Michelle Gibbs,835350.45,Personal,8354.56;2981.83;466.07;2587.36;8839.64,GHI,closed
5545348728,Roger Oconnor,192745.52,Personal,6932.39;7642.46;2097.97;4325.08;2793.1;7151.48;7356.95,ABC,active
7566742702,Alejandro Reynolds,648156.58,Business,3975.19;2106.41;4827.82;2647.7;4905.32;6741.95;4815.25;9066.78,XYZ,inactive
9055598710,Carl Hernandez,473863.13,Savings,8940.44;3543.24;7448.74;4256.78;8858.69;5357.82;2066.5;7388.23;1396.98,ABC,inactive
5645221471,Daniel Collins,578876.33,Savings,6007.33;4482.62;2891.01;4007.44;8520.33;6063.01,XYZ,inactive
7596876746,Nicholas Williams,686516.85,Business,5831.44;5937.04;4195.52;3458.44;2706.47;2592.45;3238.83;2304.34,ABC,closed
8563270454,Raymond Ware,318538.58,Business,598.65;6661.58,GHI,inactive
7427262783,Christina Davis,939794.97,Personal,8568.34;9807.93;4204.25,ABC,closed
7224709354,Bryan Fuller,250867.68,Savings,9503.89;4829.46;5500.01;2507.93;308.11;4847.71;2081.86,GHI,active
8161552418,Kayla Harrington,638776.6,Loan,7753.76;6347.26;1650.27;8429.28;5021.3;6136.87,JKL,inactive
3963174270,Jennifer Higgins,918998.76,Savings,8501.93;4430.13;4067.98;6355.41;2850.22;2371.82;2801.21;7698.74;6165.1,JKL,active
4934745495,Brandi Lee,520055.03,Loan,8023.7;2634.68;2276.75;3329.07;6842.03,GHI,inactive
5688025560,Heather Sullivan,722997.8,Personal,4611.25;6586.49;6326.5;2819.37;4750.91;7977.71;9974.77,ABC,active
7588063950,Craig Key,936522.13,Loan,678.66;4966.31;4543.79,DEF,active
4319512732,Eric Perry,799374.42,Loan,7062.15;832.87;1077.93;6230.12,DEF,inactive
1672759458,Benjamin Juarez,409171.98,Savings,9288.91;572.69;8300.49;852.42;5479.55;8732.88;895.5;3426.46,JKL,inactive
2426750830,Eugene Roberts,212004.78,Personal,6781.64;9202.22;471.65;4121.38;4042.72;4379.86;9857.87,DEF,active
7249839234,Jeffrey Woodard,779635.05,Personal,6238.18;4700.83;241.79;2396.79;2662.41;3146.55,XYZ,active
7616652933,Howard Dixon,354635.85,Personal,6712.4;7726.87;5706.87;5980.81;9636.96;7567.26;835.7;3022.05,XYZ,closed
4485025765,Tina Carlson,477752.21,Business,1530.14;2720.77;914.47;1042.82;6227.8;8718.06;3013.86;8641.79,XYZ,closed
5458034965,Anthony Hawkins,658479.86,Business,9261.65;3096.61;6911.31;1739.82;2366.8;1315.33;1974.84;296.02;302.76,DEF,active
8606796934,Miguel Santos,229672.24,Personal,1619.38;6552.56;8869.87;5843.78;2539.96;677.77;2633.08;5318.37;5502.3;5510.83,GHI,active
6478948849,Theresa Walker,753982.06,Loan,7190.2;6539.12;9087.34;4290.38;1414.92;3655.43,DEF,closed
7661712646,Derek Trevino,203107.3,Savings,4481.66;9908.23;8104.31;9615.05;2819.29;951.81;4362.26;2105.75;9093.7;7673.33,JKL,active
2213320033,Robert Patton,487430.3,Loan,1663.46;2082.54;9047.19;432.63,DEF,closed
2546018862,Brett Thomas,147285.8,Personal,422.56;1009.77;4987.22,DEF,inactive
2223258319,Christine Ray,395759.31,Loan,5674.13;5714.46,GHI,active
8487116544,Deborah Smith,70744.08,Personal,6212.73;3566.64;3882.18;5139.35;1108.29;5329.79;1348.78;3471.71;9183.94;4106.19,DEF,inactive
4146917301,Justin Dunn,906464.35,Business,5503.79;2394.31;4745.75;7040.74;6529.8;5287.16;8639.15,GHI,inactive
8665466953,Lisa Parker,128383.51,Savings,9143.26;208.96;2156.3;5242.16;6369.34;4046.16;3630.34;2247.62;8302.68;1741.73,GHI,active
9495986362,Mary Sherman,345018.29,Personal,7485.82;3810.2;9680.47;4828.91;8062.18;7800.7;3235.22;859.3;5866.69;1899.73,GHI,closed
2302681274,Matthew White,774593.79,Savings,926.84;1728.38,XYZ,active
1167148784,Nicole Wilson,124862.18,Personal,1274.54;3822.2;8783.33;4876.07;2381.15,GHI,closed
8135683038,Robert Burton,34688.08,Savings,5358.92;7282.99;4155.96;6228.37;9393.29,ABC,active
8343381549,Jay Phillips,127851.57,Savings,8710.11;8604.94;568.25;4636.92;7123.9;5960.62;1520.15;996.46;1900.66,XYZ,closed
2974433258,Andrew Odonnell,6377.96,Personal,8096.76;3840.88;8423.73,DEF,closed
6365809535,Charles Richmond,749165.32,Business,6398.36;8253.75;7725.98,XYZ,inactive
6223861217,Catherine Flynn,922045.12,Personal,1599.64;5761.8;9895.84;7608.58;2635.0;729.37;2042.24;1912.4;2515.91,XYZ,inactive
3327094882,Kayla Davidson,739563.42,Savings,5925.34;8946.99;7935.46;2368.81,XYZ,closed
1931037321,Mindy Lee,863782.88,Loan,8091.31;1535.22,GHI,closed
1368128028,Gregory Stewart,272668.81,Business,4397.41;1295.23;2877.44;5204.94;116.37;5094.19;9674.1;1243.43;537.62,GHI,active
2289403924,Adam Shelton,559451.51,Business,1379.61;7850.72;5707.61;8072.97,XYZ,active
8172307442,Craig Simpson,952919.72,Business,7534.93;292.01;1045.77;8243.68;6862.22;1364.32;1854.65,XYZ,closed
8024864606,Heather Aguirre,688051.1,Business,9062.75;6252.33;3779.88;2321.9;8799.08;9739.67;1923.04;2336.21;8557.75;8553.96,XYZ,closed
1586852737,Kelly Sanchez,428841.27,Loan,9612.26;1661.39;1849.89,GHI,closed
5386824269,Garrett Mosley,338037.04,Business,9960.82;210.56;9727.3,DEF,active
7161128959,John Mccarthy,459502.7,Business,3235.42;3536.89;6176.02;2012.04;7010.21,JKL,closed
7399356817,Matthew Young,909515.8,Business,8131.16;2188.41;2874.31,DEF,inactive
1466543065,Marcus Taylor,608680.76,Savings,7141.95;3073.94,JKL,inactive
2874399973,Stacey Cox,274335.27,Loan,2313.12;345.31;6778.25;7406.43,JKL,inactive
7426824237,Michael Bennett,803039.43,Loan,727.32;6265.22;419.0;2011.01;379.5;9577.94;117.37;137.67;555.58;9021.65,DEF,active
9020420829,Felicia Bryant,799664.51,Savings,3691.25;5341.1;1582.62;8279.68;5922.66;9546.06;4001.5;4959.45,XYZ,closed
1534366532,James Rodriguez,500287.32,Business,2767.95;6325.89;614.7;7935.37;4688.99;9557.16;3718.28;6184.57;7714.82,ABC,inactive
4073158522,Raymond Miller,151087.08,Savings,8128.15;6500.92;4517.18;4265.55;2059.14,DEF,closed
4183983384,Chase Wood,852474.41,Savings,347.91;457.69;2569.57;4434.9;6648.77;5694.86,ABC,closed
4397753529,Jeffrey Anderson,379132.48,Personal,1097.69;4502.14;7205.16,JKL,active
3143987119,Fernando Day,450863.83,Personal,7021.71;976.12;2439.07;999.67,GHI,active
7260330144,Elizabeth Burnett PhD,719104.6,Business,7663.42;3108.51;8144.99,GHI,active
9981191291,Wendy Stone,850696.58,Personal,3494.98;8805.05;4198.73;4797.69;3084.15;766.5;2968.63,JKL,closed
2396735003,Amy Bridges,725812.73,Personal,3645.79;1017.76,GHI,closed
4190273491,John Koch,463803.61,Savings,5705.59;8105.85;2362.06;6506.73,ABC,closed
5746164458,Megan Phillips,554033.53,Personal,6402.11;9729.78;800.4;5202.1;8913.61,XYZ,closed
1926232786,Ashley Acosta,211497.3,Savings,210.95;6151.34,XYZ,closed
6341363981,Alex Grant,609699.95,Business,2352.9;2654.48;5206.42,ABC,active
2312485039,Linda Watkins,550875.12,Business,2609.02;7232.74;5457.42,GHI,closed
9159991937,Samantha Reid,272998.31,Loan,9787.8;4303.62;4235.65;2614.97,ABC,active
4150540297,Julie Silva,30460.1,Loan,6091.13;708.58;765.86;8815.66;2826.85;7262.76;9895.35;7931.19;6658.5;3679.32,GHI,active
1408741827,Penny Gomez,481420.83,Personal,6925.27;9676.18;3460.44;4667.54;2367.49;5520.54;504.48;9731.57;3644.78;8214.98,XYZ,inactive
1394740294,Michelle Stone,413867.46,Savings,4480.49;2836.57;6389.33;547.88;4747.05;2241.98;6538.74,ABC,closed
1292991308,Chad Woods,281983.42,Savings,3256.93;6720.82;8815.59;466.11;9821.82;8242.05;8371.33;6991.42;2271.14;6407.24,GHI,inactive
7774325017,Jonathan Rogers,561370.42,Personal,1388.23;2504.07;6087.82;255.16;4449.36,ABC,closed
3602264489,Ashley Taylor,6476.49,Loan,5218.66;9063.88;4762.22;5978.59;1523.61,JKL,active
3286522688,Victoria White,817952.06,Business,3094.23;5248.52;1285.46;7152.5;9670.88;6480.46;5123.48,XYZ,inactive
5385571239,Seth Castillo,246345.71,Savings,1150.68;3933.12,JKL,closed
7588821565,Jordan Spencer,211975.3,Personal,8269.6;2072.55;2991.06,ABC,inactive
2909611319,Robert Ewing,802182.95,Savings,1124.89;3300.52;2329.72;6303.41;4602.83;6325.59;626.54;4384.2,JKL,inactive
4351926538,Juan Downs,431702.09,Loan,2954.03;1539.48;2011.38;6098.26;1719.91;7104.76;8139.61;1416.34;3769.74,JKL,active
7118891963,Beth Wilson,773232.64,Savings,3553.41;1116.43;5471.49;1492.98;6572.52;7162.75;4200.92;9982.47;2321.06;1640.54,GHI,active
5268243778,Linda Ramirez,482038.6,Business,3385.03;2945.2,DEF,closed
4697303996,Lori Chambers,225103.42,Business,2591.43;9884.61;6434.11;3257.05;8883.08;5937.26;7669.77;1800.29,GHI,inactive
9186139774,Sean Campbell,908330.59,Savings,8245.61;6170.91;6181.24;9670.35;6060.5;7380.52;3351.03;6493.46;4428.82;4997.77,DEF,active
2282942761,Michelle Smith,257296.19,Business,2644.5;1326.94;7803.19;3763.76;2974.5,GHI,active
2907780601,Jennifer Sandoval,339210.62,Business,134.24;5519.02;6731.91;6576.11;5530.55,XYZ,active
7203055340,Angelica Aguilar,701732.36,Savings,4347.16;6853.49;4549.22,DEF,closed
7454168675,Casey Garner III,477752.82,Loan,3864.46;2659.56;3105.87;9700.36;8201.09;2751.71;3905.8;4186.98,GHI,inactive
5387659427,Ashley Valdez,280361.96,Business,5963.66;1380.62;5079.64;8062.76;3796.17,DEF,active
2603646668,Mark Heath,943607.11,Personal,8237.52;7553.33;1758.54;1765.71,ABC,inactive
4866671853,Tanya Lawson,446933.37,Loan,1462.93;9502.81;4276.34;4803.82;1296.14,JKL,closed
9643959369,Jacqueline Chavez,807398.26,Savings,7288.46;3280.9,XYZ,inactive
3037860228,Patty Valencia,709067.69,Savings,563.8;1146.57;8883.61;6699.8;158.12;5769.74;9484.74;5541.33;4583.21,DEF,closed
4956507259,Patrick Nelson,67854.75,Loan,485.23;5775.35;5381.12;8097.07;6027.34;5368.65,JKL,closed
2793661749,Kimberly Smith,198849.27,Personal,8479.55;443.42;8286.64;9396.18,JKL,active
6638868495,Aaron Brown,844419.06,Loan,8320.14;6281.73,JKL,inactive
7195126873,Gary Harris,117095.92,Savings,4490.93;7888.94;5414.53;7555.36;6525.78;2944.03;2909.2;2924.61;5418.5,JKL,closed
1575149446,Kelly Barnes,185806.0,Savings,6309.99;755.27;1305.05;4976.74;5383.48;4819.06;1757.62;2472.25;2482.59;3855.77,XYZ,active
9752155111,Stephen Silva,964277.5,Business,8082.16;3559.45;3010.48;8190.39;8779.95;8136.38,JKL,closed
5797314554,Nancy Petersen,195521.28,Business,4289.25;1578.33;3919.31;7365.02;203.9;3293.59;2625.21;9080.95;1192.29,JKL,active
4040097796,Erin Newton,711965.12,Personal,8982.83;9321.88;6336.2;1160.85;993.93;2800.05,ABC,closed
2287744837,Jesus Davis,948495.47,Business,5493.05;5083.83;1777.56,ABC,closed
3258465968,Jeffrey Wheeler,311783.45,Savings,9945.78;3774.01;2451.68;9209.88,GHI,inactive
5121327413,Joshua Baldwin,8542.81,Savings,5880.13;2421.96;1292.62;7702.39;232.41;3296.42;8353.2,XYZ,closed
5827916836,Danielle Alvarado,654641.53,Personal,880.35;1268.57;9346.32;2716.46,XYZ,closed
7098535224,Ebony Alvarado,861363.52,Personal,9314.05;8403.32;6911.98;4550.8;8903.69;1051.32;4555.28;7847.4;8496.83;757.27,ABC,active
3497377861,Calvin Garcia,273084.1,Loan,1853.27;5985.85;826.29;1360.97;4997.03;8587.62;6363.94;5895.82,ABC,active
1244336054,Felicia Mooney,675935.02,Savings,7590.13;8503.77;3191.68,DEF,inactive
7563025039,Lisa Carrillo,511507.85,Loan,8956.6;5475.34;2388.48;7664.99;2384.42;2870.33;7980.49;6983.77,GHI,closed
6132552005,John Liu,785471.17,Personal,5489.17;1849.07;6412.16,XYZ,inactive
9543928288,Andrew Hoover,265636.55,Savings,8318.02;7624.16;5510.69;7157.2;9125.48;4269.94;8063.2;3146.2;5426.92;2894.55,JKL,closed
4236726039,Corey Allen,154326.38,Savings,2979.3;9390.3;9331.01;4879.6;6121.67;443.12;1403.46;1513.26;2833.5;1499.89,XYZ,closed
5041432336,Bianca Clark,122926.75,Personal,1764.58;966.93;2348.35,DEF,inactive
9398742708,Cheryl Garcia,214769.03,Personal,2903.51;1145.9;392.81;7635.34;2642.33;4779.65;338.21;2332.14;9638.42;191.06,DEF,closed
7104561958,Rachel Potter,901501.22,Personal,9113.88;8683.02,ABC,inactive
4691207759,Brandon Ferguson,2700.57,Personal,6080.48;986.73;638.99;9819.83;1501.19;5480.73;2610.1,DEF,closed
5243932392,Jacob Hoover,711860.38,Loan,4688.6;4923.77;9736.7;1475.62;163.57;6183.0;3178.23;1228.23;7540.39;2445.45,JKL,inactive
2258773889,Victoria Davis,710807.34,Personal,9823.5;8150.29;6510.78;2199.83;8199.17;2534.21;4064.42;4535.62,ABC,closed
3044327520,Russell Brown,521639.29,Savings,568.69;3394.96;9205.76;355.43;2802.75;3905.28;457.55;5823.0;6002.59;1650.39,DEF,active
8095038654,Maureen Butler DDS,734702.7,Business,3339.98;2068.37,XYZ,active
3820058398,Kenneth Barnes,947457.49,Business,1207.93;1955.86;5300.84;4141.95;7810.48;6106.56,ABC,inactive
7799873725,Jeffrey Rich,277631.03,Loan,2278.0;2692.63;6172.77;5552.62;7856.09;2304.46,XYZ,active
4095214876,Adam Burton,271052.03,Loan,6875.53;8538.74,DEF,active
2038589161,April Miller,226252.4,Business,8057.26;3579.64;5685.27;2163.24;7803.08,ABC,inactive
3987577232,Stephanie Rivera,162212.21,Personal,9190.13;6748.33;2714.64;5944.06;1518.65;1904.26,XYZ,inactive
2359194485,Todd Williams,224454.88,Savings,2861.93;5046.72,ABC,closed
1069822167,Brenda Washington,716324.02,Business,4367.24;9715.7;5152.68;7142.84;3606.63;2254.24;5935.41;9766.18;1385.96,DEF,closed
8680184932,Peggy Diaz,369177.73,Personal,9988.26;5111.13;7370.58;510.27;751.95;2252.82;8599.42,JKL,active
5685448267,Ryan Graham,510340.05,Savings,6322.61;9287.37;5756.02;7860.68;6805.46;7559.63;2957.53,DEF,active
4710034549,Aaron Camacho,856362.62,Personal,539.81;8949.56;5288.61;2270.27;6528.55;9231.28;9680.41;3858.46;5212.09,ABC,inactive
5178249059,Shaun Schwartz,362873.42,Personal,5824.61;6979.32;8302.29;6735.24;7189.68;9739.31;2831.92;9516.64;9850.55,GHI,active
6698152326,Jeffery Gardner,435760.9,Savings,1091.08;261.07;1721.09;1958.69;2650.95;871.18,ABC,active
5494508810,Rachel Cook,559627.66,Business,4985.0;9156.51;1775.78;2010.2,DEF,inactive
6065686193,Michael Bridges,487239.3,Loan,9311.39;1999.08;2717.41;4942.02;8662.14;4225.97;9894.33;7496.44,DEF,closed
2218884430,Katherine Johnson,636656.15,Loan,3490.26;9038.62;910.53;6300.21;9613.09;6699.27,JKL,closed
3156152685,Jennifer Smith,95383.27,Savings,2460.24;6449.78;7938.67;6014.39;8207.56,XYZ,active
4127878516,Mary Wiley,639759.0,Personal,572.88;3767.33;4590.31,JKL,active
2864874402,Jeffrey Ramirez,432954.37,Personal,4096.61;296.97;3371.13;8306.39;6489.11;7544.22;8204.21,ABC,inactive
2796884328,Darren Sims,283443.6,Business,8555.94;3988.19;9131.09;521.28,JKL,inactive
5772350191,Danielle Flores,16700.17,Loan,344.96;1160.27;3775.33;7993.77,XYZ,active
4043558754,Sonya Allen,276931.13,Business,5374.39;8108.24;1786.17;1988.88,JKL,active
8598977311,Dustin Beard,814673.67,Personal,7984.23;7626.52;313.86;904.65;278.54;9119.21;7049.37;6708.53;5832.06,ABC,inactive
5120899685,Elizabeth Brock,375875.29,Loan,3159.68;9320.59;9332.21;3766.91;2033.63;5899.44;7457.26;8066.83,DEF,inactive
4588242693,Michael Bautista,529669.4,Loan,8592.3;5370.83;2085.32;8655.62;9089.14;4408.72;6626.38;5569.84,XYZ,active
8209573075,Levi Green,93247.67,Personal,5827.26;5494.61;8897.38;8129.19;2365.52;9401.73;1027.36;8962.27;2116.96;5332.23,XYZ,closed
5854171474,Elizabeth Brown,895400.0,Savings,1008.62;7653.92;6835.22;8958.67;1414.35;1686.19;992.27,GHI,active
8124825923,Christopher Beltran,505246.11,Savings,8320.12;2771.72;1798.82;5805.32,ABC,active
1216947830,Jacqueline Davis,939083.62,Business,8560.51;1524.84,JKL,inactive
6337500543,Wesley Brady,747246.65,Business,7433.36;7171.57;2609.02;9036.45;4486.12;6569.73,DEF,closed
8946401877,Mark Lawrence,249873.16,Personal,5282.28;8313.98;8473.73;7911.85;7882.66;2541.25,ABC,closed
1201398512,Briana Jones,405274.52,Personal,6741.06;6703.69;2904.73;3793.52,JKL,closed
7302704686,Scott Marshall,325350.78,Personal,2699.7;1198.72;4712.12;4847.57;8305.32;9565.42;5387.57;2592.95;2959.43;4406.49,ABC,closed
5194484574,Frank Valdez,523325.25,Business,8955.33;7052.55;5541.51;3722.5;120.08;9550.07;8575.66;7743.37;9837.6;9240.58,XYZ,active
8098320787,Juan Torres,222733.34,Personal,9372.08;7646.58;2982.74;3835.56;5826.22;5856.86;5230.55;1972.61,DEF,inactive
2563925341,Jeffrey Griffin,25550.79,Business,9238.33;5825.94;525.52,ABC,closed
1562187047,Joseph Ramirez,631629.05,Savings,1743.35;7716.0;5748.5;5267.67,GHI,closed
1914704419,Nicholas Morales,183176.06,Personal,6105.4;9731.48;2782.09;3442.04;1313.55,XYZ,active
8127392253,Andrew Sandoval,512799.42,Personal,3889.28;3071.72;2001.56,DEF,closed
5351144115,Thomas Booker,644070.9,Savings,6002.06;305.19;8783.13,JKL,inactive
2432063938,Rachel Tran,71691.82,Personal,5889.49;6040.72;134.12;8730.71;8797.18;533.42;1439.52;2378.15,ABC,inactive
5744829321,Tiffany Lewis,791073.01,Savings,470.91;9816.92;2230.94,GHI,closed
3178162313,Elizabeth Keller,193305.28,Savings,9094.47;3334.09;9916.39;6575.6;9277.55,JKL,inactive
3616700734,Kimberly Payne,193915.65,Business,4947.14;6562.17;922.75;6710.85;1969.97,XYZ,active
7090820380,Jennifer Stewart,458416.36,Personal,8782.62;7624.99;9949.79;1111.62;8901.15;3541.4,XYZ,active
2456517957,Jill Douglas,439727.99,Business,9740.89;4309.11;6662.51;4177.63;4269.97;1540.36;8164.51;7054.15,JKL,inactive
9602567930,Chris Rodriguez,196744.16,Business,242.97;4436.8;5300.69;6814.01;856.5;9883.03;605.26;6679.65,ABC,inactive
9582221051,Annette Gutierrez,906209.33,Business,1100.48;3827.08;4448.02;2206.3;2188.73;7501.61,DEF,inactive
1881937566,James Hill,165708.52,Loan,708.14;6335.88;9247.32;7263.26;8263.55,ABC,inactive
7494535320,Scott Hernandez,630337.66,Personal,6364.38;994.72;7996.39;7960.73;2878.59,ABC,active
9184355360,Heidi Curtis,947662.6,Savings,8363.69;6547.08;5585.26;2655.22;9799.31;3992.58;1627.86;7455.37;2446.63,GHI,closed
2278008749,Heidi Johnson,915508.36,Savings,5691.02;5509.55;3488.56;6058.69;4398.71;1116.6;2895.18;4836.87;1001.32,DEF,active
9582495405,Miss Colleen Smith,572431.16,Personal,3072.18;8103.99;6588.7;1087.14;7819.66;669.8;388.78;2266.53,XYZ,inactive
6652844542,Margaret Gonzales,799193.47,Business,6100.76;9988.25;2021.79;750.8;8702.76;1380.14;7337.33;5490.66;2582.63;2799.74,GHI,closed
4277674763,Tracy Harris,599242.62,Loan,4328.71;1450.83;1631.59;2256.52;5648.4;772.81;2489.52;9409.83;6304.32,DEF,active
3114512274,Rebecca Saunders,355841.48,Business,2923.45;3225.26;5916.68;9403.03;3059.97;729.01;8379.03;284.88,GHI,active
9834770106,Victoria Roberts,56810.32,Business,3127.28;6824.78;249.38;9743.48,JKL,closed
1664564095,Eric Turner,933684.65,Savings,7582.45;1543.25;1235.36;9527.22;3448.47;3647.03;2062.2;7821.27;6272.26;6538.94,DEF,inactive
9985877980,Derek Hull,67385.84,Savings,4908.61;1871.16;199.56;3179.93;2372.34;1393.03,GHI,active
2196654405,Nicholas Farley,193489.81,Business,8087.46;6157.97;7374.87;241.91;5659.08;823.02;7944.35,XYZ,active
5531393691,Larry Parks,325240.45,Business,2095.81;448.25;9769.99;165.76;2327.39,GHI,inactive
8517500570,Jamie Johns,711158.37,Personal,6877.1;8584.34;6861.95,ABC,closed
5743865441,Annette Mclean,81021.02,Personal,1383.44;9440.97;175.86;3491.11;5799.96;8351.48,ABC,closed
8617517015,David Fowler,670403.57,Personal,4504.7;7783.38;7040.6;1908.09;8298.63;4458.68;9270.34,XYZ,closed
3299434709,Mackenzie Black,708456.35,Business,6827.32;3294.93;229.48;4735.66,ABC,inactive
4865369429,Tara Johnson,550369.29,Personal,3380.5;3671.79;8158.13;1585.85;7558.76;9491.07;6643.24;8713.68;9335.8,XYZ,inactive
8869800433,Kristy Fuller,721865.39,Savings,780.96;298.19;8484.63;9104.61,JKL,closed
5964389074,Laura Perez,342173.03,Savings,5169.34;9483.72;300.79;4148.77,XYZ,closed
3155940270,David Daniels,780696.2,Savings,5016.6;5160.75;2892.97;9391.91;8149.6;7238.82;130.32;2488.58,DEF,closed
4403612571,Karen Price MD,81469.47,Personal,2111.14;4161.14;9975.45;8604.34;6374.24;986.96;7998.54;8129.44,JKL,active
2635150059,Rebecca Johnson,110813.96,Loan,9635.47;2040.52,XYZ,closed
4252179744,Charles Nunez,449329.33,Savings,217.66;4037.81;8978.99;7685.96;9954.73;7629.25;1756.51,GHI,inactive
6645580657,Lauren Smith,918857.86,Personal,3952.08;1367.32;8056.18,ABC,inactive
4441724387,Brett Blake,344840.93,Personal,5117.89;8835.81;898.96,XYZ,inactive
5957949129,Brandon Lam,681460.67,Personal,212.22;2342.47;9453.51;6671.85;7072.89;2107.72,GHI,closed
5887757915,Jeffrey Frank,325923.18,Savings,953.16;8121.95;7645.35;4855.71;958.91,DEF,active
8706559824,Joel Marshall,552430.0,Personal,5976.33;3797.25,JKL,closed
9102289900,Cassandra Johnson,484919.71,Loan,5451.33;4636.05;9082.04;2325.01,DEF,closed
7785132947,John Galloway,554792.82,Personal,9351.43;3677.55;5677.62;1751.59;5534.95;5739.74;3738.62;2712.87,XYZ,active
1196291028,Eric Brown,359896.28,Loan,7270.27;760.83;7040.37;651.0;1334.59;8743.08,XYZ,inactive
2131757064,Heather Mullins,946477.04,Personal,6913.95;8260.81;6328.0;7061.47;9711.78;9229.03;5467.24;2752.28,DEF,closed
8846647873,Crystal Collins,421176.2,Loan,374.58;7451.11;8337.85;5146.31;1647.32,JKL,inactive
3459635744,Allison Matthews,980681.93,Personal,3297.65;4218.67;9484.74;1426.01;1017.89;6956.79;8810.48;5568.94;6277.29;9045.48,ABC,closed
2044983007,Mark Scott,575591.93,Business,7148.44;939.5;5449.46;9216.64;8637.61,GHI,inactive
6094718320,Scott Lewis,217870.96,Business,5824.29;543.75,DEF,closed
6878494096,Julia Sanchez,398932.73,Business,3405.34;2428.08;9309.08;4815.51;5063.01;6913.37,ABC,closed
5834409212,Kaitlyn Pierce,245676.71,Personal,3873.21;3326.32;6657.61;1201.03;2895.72;7552.88;7761.13;2649.11,JKL,closed
2571249769,Hailey Gutierrez,732048.01,Business,7548.7;3142.61;522.28;2971.41;2386.45;7817.6;6379.56;8603.41;888.42,XYZ,inactive
4948891270,Mrs. Renee Thompson,679953.38,Savings,1272.34;2029.03;8021.09;210.62;7233.0;3783.56,XYZ,closed
9542353869,Pamela Schmidt,590213.63,Business,4166.8;4775.72;1540.07;2619.44,XYZ,closed
3045580880,Carol Jackson,756301.76,Business,1187.63;9628.7;6266.62;5599.41;2346.18;5459.69,JKL,inactive
9469613380,Brianna Sparks,653456.09,Savings,8754.49;9525.26,ABC,inactive
9735870871,Patrick Jones,481148.17,Business,7742.59;1849.15;3105.14;7937.64,GHI,active
3261363930,Jason Schroeder,926191.04,Loan,9706.55;7102.5;8332.68,JKL,closed
5927263736,Justin Mahoney,34760.53,Personal,8406.32;4062.64;5467.06,GHI,closed
3152372041,Sherry Gutierrez,422649.41,Loan,7546.13;4077.54,XYZ,closed
9836367396,Tara Pruitt,286015.75,Personal,8201.44;8827.97;5869.42;6271.95;4226.49;5146.68,ABC,closed
5437175172,Stephanie Hawkins,357533.13,Personal,3747.42;870.44;1248.46;8145.83,DEF,active
8321981830,Tonya Gilbert,221805.62,Loan,5307.87;7095.38;8094.49;6763.64;7544.94;2308.38;9423.88,DEF,closed
3077506848,Keith Kelly,467934.13,Savings,1849.65;5909.05;5778.9;5670.79;2564.75;6568.9;1761.14,ABC,closed
3404134872,Tara Walls,631345.66,Personal,930.59;968.24;2929.75;155.66;3424.75;8981.64,GHI,closed
6694525696,Miss Cynthia Johnson,711730.35,Business,6908.21;8589.88;6878.1;7540.22;1543.92;1651.85,XYZ,active
2021100645,Sean Barrett,302738.47,Savings,384.03;4370.14;9266.18,XYZ,active
1053415317,Charles Stewart,267397.29,Savings,9252.47;319.29;5413.8,JKL,inactive
2649022174,Chelsea Green,593929.35,Business,3835.08;9266.64;6735.83;9558.67;7119.64;103.03;6595.96;8537.63,GHI,active
3203512480,Michelle Humphrey,117193.79,Savings,3791.07;8934.59;2854.41;3655.09;9888.66;5395.89;8612.65;6492.77;5316.04,XYZ,active
6470168262,George Johnson,154729.94,Personal,7473.85;8303.9;2775.12;1854.48;7055.55;463.82;2162.67;7456.97;5172.71;740.17,DEF,closed
4202488718,Judith Marsh,643702.2,Business,5341.1;4051.64;5774.54;466.57,XYZ,inactive
6965146874,David Wilson,884026.42,Business,9941.55;6356.52;6153.63;7104.11,JKL,closed
4683608214,Benjamin Perez,553580.2,Business,4600.16;8025.23;8582.51;4355.66,ABC,active
1412209101,Todd Porter,951760.93,Business,8921.06;5683.67;1889.29;1494.43;1984.42;6277.61;908.2;9106.24,ABC,closed
3355756446,Miguel Butler,299884.1,Savings,5166.27;6812.08,XYZ,inactive
5991609191,Robert Reyes,758560.71,Savings,9343.59;8709.13;8673.94;6890.77;745.08;4153.92;9343.03;9165.03,DEF,closed
3106198630,Paige Washington,517040.24,Savings,8415.05;3874.96;4914.05;7207.32;7176.23;342.6;9435.25,JKL,active
7742066473,Stephen Chen,443875.84,Loan,6526.41;2240.92;8418.62;3821.73;1786.69;3406.24;989.27;4687.64;8002.66;7613.63,GHI,inactive
1548490412,Gabriel Sanchez,156858.38,Savings,5727.68;7723.92;4467.48;3132.38;6383.56,DEF,active
6026977418,Jennifer Harris DVM,636893.54,Personal,8301.27;9356.54;3876.11;2996.79;9787.6;8369.13,DEF,active
6353211564,Michael Donaldson,455386.82,Personal,335.22;4578.69;7371.95;4909.29;4293.79,GHI,inactive
1296847219,Kristen Cooper,273679.47,Savings,347.8;7359.97;4170.64;1235.97;7187.11;4603.13,JKL,active
5984986536,Erin Shah,996705.69,Loan,2581.92;5673.74;1967.79;7487.25;2615.0;4035.61;444.44;3891.58;1235.27;5729.73,GHI,closed
1072466353,Samantha Martin,662915.52,Loan,8586.08;2006.44;7103.75;7334.55;4228.86;5623.9;1459.21;9515.57,DEF,inactive
2156718936,Jennifer Ingram,485363.38,Savings,9487.68;1460.18;2239.58;147.8;8151.52;6515.92;7554.77;7291.68;2414.91,GHI,inactive
7520094828,Joy Grant,485172.04,Savings,9655.31;1741.29;3444.46;3057.55;5476.91;4879.52;3210.88;1160.78;8593.76;8441.95,GHI,inactive
7357439851,Gina Brown,509632.16,Personal,2709.35;2135.14;1818.78;4841.25;2709.95;344.58;2594.35;4582.8;2955.95,GHI,active
5261370072,Christopher Stout,422435.58,Savings,2801.9;5548.79;1557.95;2198.73;2192.73,ABC,active
6027540846,Tyler Wright,304491.39,Personal,3678.15;1227.66;5785.29;3099.3;2265.23;8196.59;163.39;2391.23;8719.74;5462.9,XYZ,closed
2750234804,Meagan Munoz,594960.7,Savings,9718.85;8727.21;4447.22;4615.05;5804.69,GHI,closed
3092804303,Wendy Brady,420677.44,Loan,5531.88;8742.3;372.97;8122.54;1286.1;9072.2;1465.33;1476.48;1376.03,ABC,active
3427654704,Kayla Long,681728.31,Business,3697.09;4953.07;2811.92;5457.7;6906.88;8506.24,XYZ,closed
8190990891,Stephen Edwards,319821.74,Loan,9377.79;4798.83;1942.18;787.55;192.1;5818.99;8057.66;2717.0,JKL,closed
7496745631,Douglas Moreno,854404.98,Savings,982.46;2227.47;6446.32;8414.04;3150.16;2450.03;7037.9;5978.96;5261.83,DEF,inactive
1988752512,Jill Knapp DDS,341722.94,Loan,181.19;9453.62;4985.57;3199.58;1952.58;7211.63,ABC,closed
1521427273,Lisa Rios,842799.38,Business,9586.74;5552.53;1729.82;4172.47,XYZ,inactive
5164695907,Raymond Smith Jr.,863175.88,Personal,5789.49;3853.23;2076.03;3892.16,XYZ,closed
2833539333,Brian Williams,323552.41,Business,5179.45;5548.73;465.47;7840.29;2144.3;8513.47;9829.93;324.8,GHI,active
8645701718,Heather Patel,311944.96,Personal,7522.87;2982.3;1968.22;9772.61;7922.31;1445.51;623.95;2058.2;8758.19,JKL,closed
4167996572,Kylie Guerra,49272.79,Loan,5443.69;8093.52;272.51;8402.33;4236.02;6376.75,XYZ,inactive
3564407063,Donald Wong,43722.11,Savings,1519.25;1525.81;6287.86,ABC,closed
9188196347,Daniel Dean,204925.01,Loan,6771.69;192.19,GHI,inactive
5942637471,Mark Lozano,719795.85,Personal,9643.1;3799.28;6882.4;8584.89;8947.56;6708.4;1962.86;446.33,DEF,active
2051627629,Jason Bates,64060.52,Savings,9257.87;6532.82;7925.83;6093.45;4210.14;7716.53;9787.2;3479.04,GHI,inactive
7502491695,Eric Hoover,469640.02,Savings,9917.81;3054.6;651.6;6242.94;8167.7,ABC,active
5685753553,David Vasquez,452820.36,Loan,4627.57;4438.96;9909.09,JKL,closed
1643863670,Michael Jones,236221.38,Business,3677.6;9619.4;3626.3;4744.46;6282.38;2808.59;1045.55;1767.33;4806.51,GHI,inactive
3946613876,Brian Cooke,689545.0,Loan,9535.41;561.56;6926.88;6500.07;9819.21;6534.47;1299.3;2622.7;4528.84,XYZ,inactive
1438066160,Theresa Green,905875.33,Loan,9797.74;3309.33,JKL,inactive
3445245412,David Gomez,171967.69,Savings,4877.12;2803.11;3795.18,JKL,active
4872344710,Kimberly Elliott,857286.35,Business,3057.39;7069.75;5516.13,JKL,active
7794811051,Leah Wilson,37335.12,Personal,2258.88;3929.88,ABC,closed
4306892849,Edward Allen,376345.42,Business,7395.88;9823.67,XYZ,closed
2392269163,Karen Mcmahon,902433.39,Loan,7152.28;778.14;8234.59;5273.76;3059.7,XYZ,active
4412406289,Michael Delgado,671608.43,Savings,3542.56;8395.46;9845.62,DEF,inactive
9976326121,Angela Steele,836743.17,Loan,500.3;1665.96;4193.58;9493.01;1803.47;9698.52;1031.65;3413.69,JKL,inactive
9547290456,Jason Miller,350592.81,Savings,9013.46;8973.95,XYZ,closed
5403898302,Anthony Brown,437469.72,Loan,9301.55;6130.97;3676.75;2942.8;920.56;7829.51;4419.11;5887.61;1880.81,GHI,closed
5883763886,Lisa Stone,901790.09,Business,4186.6;9698.33;6322.4;2796.96;6797.73,DEF,active
3817601278,Russell Allen,591450.84,Savings,4637.03;1701.69;4039.14;5883.73;1417.65;9112.78;5273.7,DEF,closed
1829538986,Anthony Salazar,849590.89,Loan,8738.39;3524.09;4204.51;318.52;4172.48;2414.33;6611.21;4622.23,GHI,inactive
7286615364,Victoria Ayala DDS,451803.27,Business,6787.11;9895.08;1697.24;7886.25;8835.31;1933.43,ABC,active
5345782772,Lori Wright,966693.91,Business,900.44;2940.42;1733.13;4125.63;6508.33;9151.26;7678.6;6839.24;7845.4;3185.29,JKL,closed
7211024568,Jason Holder,37569.81,Savings,9143.44;2913.48;3939.42,JKL,inactive
3820995257,Christian Riley,591021.25,Business,2898.67;6845.83;1136.57;9209.14;3842.04,GHI,active
8782337303,John Riggs,935425.56,Business,8745.02;1375.25,XYZ,closed
9925836739,Natalie Mitchell,233637.36,Business,1468.63;8208.43;1431.59;9587.21;9990.82;8101.22;3167.53;1929.76,JKL,inactive
7687914374,Jillian Jordan,765616.53,Savings,7448.65;9910.3;3526.03;8614.12;642.61,XYZ,closed
3765587166,Joshua Rice,647580.77,Business,4692.52;1451.68;3072.98;1035.33,GHI,active
6480341114,Andrew Vance,971753.65,Personal,663.1;8046.33;2921.86;4737.03;3749.81;2983.64,GHI,closed
3173894423,Brandy Mcdaniel,397034.33,Business,7292.57;4557.81;4367.38;4356.51,DEF,inactive
3473986955,Michael Ellis,228497.42,Loan,3014.02;8873.96;5938.02;8977.54;1013.09;3528.35;9179.44,DEF,active
7120139611,Rebecca Foster,80085.3,Savings,9959.06;5144.43;289.82;5440.01;4808.22;4823.03;1375.81;4591.22;2279.82;4296.44,XYZ,closed
8654016720,Jamie Payne,764804.35,Loan,167.83;6795.17;3852.08;3553.69;7117.29,DEF,inactive
7533287436,Paul Mcneil,80043.52,Savings,7980.73;4692.6;3726.39;469.71;1386.01,DEF,inactive
2495530407,David Savage,689290.87,Personal,7504.1;6933.85;3863.49;5436.97;3438.63;6119.87;4689.04;3121.12,ABC,inactive
2689730089,Victor Mclean,454445.71,Business,1948.21;8647.87;473.49;1279.89;6049.88;3638.36;782.17;3469.52;5965.2,ABC,inactive
4259791247,Heather Johnson,989615.13,Personal,4480.56;6412.03;5054.89;613.26;1458.97;7882.24;3580.34,DEF,closed
7539696839,Gabrielle Foley,785884.61,Savings,8292.33;8607.94;3999.07;3636.32;8165.88;4973.02;9962.09;4946.24;3655.66,XYZ,closed
8627572576,Carrie Anderson,931552.25,Personal,3213.86;4308.36;1563.13;6520.43,DEF,active
3277256932,Richard Burnett,489441.6,Personal,6662.15;1511.72;2296.87;2076.27;3421.11;6753.44;5498.68;432.79;9155.93;3038.12,GHI,inactive
5237591647,Autumn Nguyen,513198.43,Loan,8306.75;6746.48;5672.97;3150.61;3150.16;7230.29;5799.96,ABC,inactive
5101616749,Heather Walsh,316173.37,Loan,3922.6;7578.67;6990.19;7590.34;4459.98;6791.21;7684.84;9959.67;1804.49;7161.04,DEF,inactive
1199726384,Thomas Johnson,411841.47,Loan,6394.94;9450.05;9252.66,GHI,active
2361260337,Christopher Lowe,696338.08,Personal,4787.54;7159.23,GHI,inactive
2865404185,Kimberly Miller,70474.01,Personal,8917.22;7855.04;6994.96,DEF,inactive
9130113895,Kristin Larson,89298.8,Business,7685.59;4150.58;627.56;7395.2;3676.61;139.32;7003.83;2554.0;6795.06,ABC,active
5156108228,Jennifer Allison,769546.86,Personal,5351.18;9825.15;4812.24;9565.33;9201.47;1507.02,DEF,active
6371570838,Joe Lucas,666427.85,Business,3228.64;603.97;7771.95;5804.98;6178.58;1782.03;8142.53;4081.9;6545.02;4595.87,DEF,inactive
8696542606,Joshua Gomez,417489.25,Savings,2546.14;2948.27;3969.7,JKL,closed
6128753470,Rachel Leblanc,465927.73,Savings,6546.21;4919.11;421.91;7371.01;8422.48;6864.63;8137.39;1200.27;9446.27,GHI,inactive
6495616019,Pamela Miller,46936.46,Savings,5375.42;7891.21;9235.78;3876.67,GHI,inactive
6054213600,Terry Ryan,367228.1,Personal,2921.28;8530.09;3972.63;9958.22;5119.01;6760.81,XYZ,inactive
5910473462,Ashley Simon,795485.86,Loan,3663.35;1250.48,DEF,active
5677609769,Katelyn Robertson,905433.43,Loan,1570.39;678.28;1494.21;956.73;1476.78,DEF,inactive
9513959237,Susan Pennington,110429.96,Loan,3105.05;2326.59;4993.06;1723.26;1275.25;3526.74;2235.95;7481.72;509.14,JKL,closed
6130746378,Jennifer Orozco,658660.24,Business,5012.19;9695.91;9378.68;3801.67;3754.44;1365.53;8170.27;6603.17;5027.75;2439.32,JKL,inactive
9821821657,Carol White,842717.64,Loan,2700.81;5766.95;4928.64;1350.94;7106.84,DEF,closed
5825468647,Christopher Guzman,723006.92,Loan,8433.92;9198.95,JKL,inactive
4861640195,Lisa Davidson,865540.27,Personal,5081.24;374.55,JKL,closed
3323508767,Mr. Richard Lopez MD,237435.4,Personal,2090.17;8399.11;9801.33;4242.18,DEF,active
8997801633,Michael Williams,617381.7,Loan,1489.07;5318.33;7756.3,ABC,active
4994737872,Jeanette Keller,925475.69,Business,6152.54;3796.8,JKL,inactive
4304893470,Jamie Krueger,935181.41,Savings,1014.32;2768.64;4454.99;5103.49;8903.68;2183.29;9811.33,DEF,inactive
4223680290,Stephanie Rivera,116352.83,Personal,8845.92;9469.04;1570.94;1395.63;9432.87;8196.21;8438.51;4420.66;6990.54,GHI,closed
7951754127,Raven Fernandez,725811.44,Business,6694.53;856.15;2184.42;7507.15,JKL,inactive
4469329469,Tyler Nichols,882001.28,Loan,5292.0;8039.51;8551.47;8168.0;3445.67,JKL,active
4872776326,Anne Hughes,872301.43,Personal,5361.03;1738.55;4406.59;1594.16;2043.87;6840.42;4714.62;8349.52,ABC,active
3959048014,Paul Miller,237625.62,Savings,1735.65;2068.57,DEF,active
7933908505,Luis Blair,308477.13,Business,619.24;4212.87,XYZ,active
8920595020,Brittany Ryan,354526.19,Business,5620.82;8438.84;6341.5;5967.76;9297.91;4230.82;9325.05,ABC,closed
3775414694,Nicole Bishop,67645.2,Loan,5528.32;2738.7;4515.26;129.91;6065.52;7800.49;4885.28;396.69,JKL,active
8993385381,Emma Cooley,811504.96,Business,8158.46;7798.51,GHI,closed
8381677777,Matthew Mcdonald,594851.85,Loan,235.61;4183.23;848.76;4120.95,GHI,closed
3611479406,Laura Lewis,584102.54,Personal,717.03;5100.92;3239.61;1017.44;9292.6;1207.41;5531.41,DEF,active
3843612730,Jill Perry,388095.52,Personal,3984.84;2813.75,GHI,inactive
6184203785,Elizabeth Carlson,568918.72,Business,4381.51;2910.66;790.28;3273.04,XYZ,inactive
7320844450,Amy Barnes,769292.69,Personal,3000.94;1905.21;5311.53;4751.23;4705.3;3613.4,XYZ,inactive
3984379111,Austin Smith,737567.44,Business,5092.97;744.18;5183.77;3997.67;835.62,JKL,active
5710169259,William Austin,502311.75,Personal,2332.57;7914.7;8506.21;6323.74;5053.32;6447.7,DEF,active
8138302523,Gregory Jackson,509675.33,Savings,135.96;4579.02,GHI,inactive
1367543695,Tina Sandoval,212183.63,Loan,9315.31;1353.52;742.75;9535.62;1848.36;6626.24;113.07;6224.38,GHI,inactive
4699080201,Theodore Parks,151873.45,Business,4696.75;2936.39;8218.06;8945.92,XYZ,active
1938117532,Becky Fisher,786111.0,Personal,6914.87;1465.96;4224.08;9292.36;3832.38,GHI,closed
5931496430,Angel Leonard,62091.29,Loan,6315.45;9291.45;242.11,DEF,inactive
3073238832,Marilyn Mccarthy,385261.32,Business,6831.59;5967.66;4715.55;4300.83;8410.75;4480.15;760.49;8690.81;1450.49;2673.48,ABC,inactive
3472858185,Eric Brooks,689354.23,Loan,4508.03;8150.31;4552.97;2880.43;1785.05,DEF,closed
1482883529,Beth Dalton,464464.36,Loan,632.64;3671.85;140.12,GHI,inactive
6154898151,Ryan Cabrera,663152.1,Savings,5446.15;7711.55;9696.56;7325.74;2598.82,XYZ,inactive
6241282562,Shirley Irwin,150108.59,Loan,633.47;3779.51;3268.46;4513.11;7903.33;8159.1;6688.01;9114.3,ABC,closed
5127086548,Colleen Torres,114713.98,Loan,658.83;6699.77;4207.64;1134.22,XYZ,closed
2024835810,Aaron Torres,956350.26,Personal,2416.34;2692.82;5163.87;9578.59;3897.01,ABC,inactive
5841529329,Renee Gonzalez,305593.61,Personal,272.74;5582.59;1443.08;1138.49,GHI,closed
1690473667,Jonathan Bond,872321.13,Savings,7637.78;7337.55;3634.48;3004.17,JKL,inactive
1958306182,James Baker,303125.45,Personal,3328.43;6104.93;8440.56;4420.35;4738.58;5068.49;917.67;1909.27;7457.27,XYZ,closed
4361047512,Molly Zamora,348348.24,Personal,5108.93;7478.89;637.62;5578.14;9472.89,XYZ,inactive
4760388886,Michelle Reyes,950370.14,Savings,3663.48;184.22;2880.34,JKL,closed
1053719059,Joseph Dennis,801421.92,Savings,1790.82;4222.66;4614.85;1945.14;3656.6;4898.35;8571.12;1351.44,ABC,active
2037248863,Rita Rios,224011.11,Loan,9392.46;5231.44;9536.82;1244.81;8446.56;8422.25;5494.62;124.57;3760.16,ABC,inactive
3697186284,Sabrina Williams,964074.36,Savings,7581.49;6029.54;6186.79;6242.79;3535.95;3365.92;8689.27;1023.35,JKL,closed
6819851069,Tom Holt,79928.32,Business,2291.58;4914.7;5736.67;4190.76,GHI,closed
6718140051,Mr. Tony Hawkins PhD,802939.81,Loan,1881.96;2914.06;681.43;1041.96;4713.53;3066.45,XYZ,active
9133206242,Ryan Sullivan DVM,949363.75,Personal,9209.01;2942.41;9763.85,DEF,active
7066956723,Shane Garrison,671875.36,Loan,6343.48;5551.34;7711.61,ABC,inactive
3760890839,Erika Whitaker,981516.24,Loan,7695.26;6907.62;5664.89;2559.22;4820.8;7423.86,JKL,inactive
2030397348,Anita Maldonado,389756.67,Savings,4089.8;9822.22,GHI,active
5232076596,Mary Pope,682440.15,Personal,824.51;1037.34;8068.2;5441.79;2068.44;1356.86;1109.44;1646.94,JKL,inactive
5620613395,Wayne Fisher,545831.24,Loan,1229.5;7741.73;1647.45;9959.2;5599.83;903.48;4907.52,XYZ,inactive
9464316314,Amanda Davis,854770.81,Loan,2825.85;1380.54;5343.38;6239.79;3974.94,XYZ,active
1056103219,Alexa Smith,312953.83,Loan,2916.75;2223.12;1692.0,GHI,closed
1688160730,Chelsea Anderson,901069.29,Savings,6691.99;556.41;586.83;7351.86;4409.3,DEF,active
8319662066,Michelle Love,375476.23,Business,8646.29;8294.52;6368.5;8728.42;5342.91,ABC,closed
4098356363,Shannon Williams,58188.29,Personal,1414.29;8012.32;8060.37;2761.61;7837.24;8472.25;8467.9;7389.8,JKL,closed
3293059872,Barry Barrett,956752.84,Savings,6952.78;1041.76;9780.84;7433.67;9286.7;8063.46,XYZ,active
4619467590,Dawn Christensen,954586.89,Savings,6892.19;4353.44;6413.43;5418.48;4697.41;6848.89;2204.72;8460.84;1501.72,GHI,active
7782878299,Larry Brown,233632.8,Personal,7220.28;8657.7;308.2,JKL,inactive
1885653547,Stephen Taylor,692684.68,Loan,465.44;3147.38,DEF,active
3964786846,Lee Cox,836279.94,Business,8582.1;2807.53;5630.39,GHI,closed
8299530260,Jeremy Graves,493360.09,Business,3584.51;7122.84;7998.21,DEF,closed
8525091517,Susan Martinez,899223.04,Business,6456.76;5444.3;1808.82;4827.32;9026.03,JKL,active
8109569885,Jordan Wood,388979.34,Savings,8213.46;2638.25;1034.71;7580.72;1257.84;2270.57;4618.06;6285.4,ABC,inactive
1931422419,Caroline Allen,755834.07,Business,9273.17;1197.14;8839.61;6071.6;8576.17;6535.32;4949.31;6316.82,JKL,active
2418728954,Sara Hartman,980669.26,Savings,1194.0;1727.01;5035.89;6574.06,XYZ,closed
3869514859,Ernest Sanchez,784076.83,Personal,5209.56;1642.64;6736.96;3080.76;8124.55;1620.74;2492.05;3831.55;7064.59,ABC,inactive
3157764973,Adam Smith DDS,655465.15,Savings,9322.37;8444.87,ABC,inactive
1609647071,Jennifer Brown,162283.24,Savings,1873.94;864.63;5862.11;7879.33;3390.17;1276.09,XYZ,active
8382278356,Spencer Smith,158930.95,Personal,7451.84;9164.78;8212.87;8256.84;9435.38;4616.72;4114.57;2422.97;6891.27,GHI,active
1671848476,Charles Martinez,835594.63,Savings,125.89;7499.18;8523.33;799.21;8464.9;7234.76;7297.76,ABC,inactive
1743337305,Melissa Page,12027.11,Loan,3779.78;3180.92;712.92;5621.46;576.08;2551.57,GHI,active
3035101644,James Ramirez,436401.89,Personal,8554.04;1434.78;1969.28,XYZ,active
3441024290,Laura Avila,913535.54,Savings,6244.9;7579.09;1057.83;4331.18;629.02;7171.85;222.76;8763.59;4327.89;1140.63,JKL,active
3891678870,Joseph Johnson,265028.59,Loan,2249.82;6298.58;3309.59;9703.82;2026.03,ABC,inactive
3237829877,David Carroll,438259.07,Loan,1327.03;614.19;3768.08;2714.02;224.6;969.05;2641.23;2454.66;4080.31;3859.19,JKL,closed
9427802692,Justin Wells,735340.65,Loan,6948.71;3253.84;3023.06;7599.67;6623.77;8896.06,XYZ,closed
8431524763,Paul Romero,668048.25,Loan,7848.33;3299.66;3648.87;1982.01;2073.82;2903.09;4735.41;7558.08,ABC,closed
5001072159,Lynn Morales,821567.69,Business,4565.51;6786.37,ABC,closed
9664985906,Jennifer Ellis,478354.92,Savings,7127.33;8689.92;6415.22;3454.75;7474.08;7431.65;9781.01,DEF,closed
7348944996,Tony Clark,375561.65,Business,8777.05;9240.54,DEF,inactive
6732868372,Kimberly Flynn,706315.65,Loan,4923.29;4602.28,JKL,inactive
4547259574,Christy Williams,455719.51,Savings,4188.29;9573.51;7053.58;8222.74;2820.9;2455.38;3219.81,GHI,active
7223747033,Travis Davis,862785.4,Savings,2907.52;2325.22;6617.78;6419.46;3610.55;9228.23;3354.69;7197.71;9822.38;3616.13,DEF,closed
4459474467,Stephanie Miller,764147.27,Savings,6113.95;2001.61;2891.25;1618.59;1995.77,JKL,active
7164610197,Daniel Taylor,610921.73,Personal,9931.17;6802.63;278.76;3570.4;7634.26;6670.17;4283.09;9474.86;4152.34,ABC,closed
7124052852,Elizabeth Cordova,193482.17,Personal,9360.34;3167.76,GHI,closed
5312442141,Kathryn Davenport,440934.96,Savings,8509.71;6626.86;1817.28;7437.78;8372.19;4887.43;2346.01,ABC,active
7710622490,Jimmy Wagner,923277.42,Loan,8020.01;7951.8;2232.12;5802.85;1336.58,ABC,active
5322589161,Susan Giles,724163.28,Personal,6016.98;507.29,JKL,closed
9836438031,Steve Simmons,849219.12,Loan,5878.21;4537.16;7766.31;4163.87;9319.44;6792.29,XYZ,closed
9332883461,Julia Ramirez,273546.31,Loan,7535.0;9561.34;2030.21;2195.39;9090.9;372.8;1226.73;9113.69;6462.59;8530.18,DEF,inactive
8836576935,Rebecca Miller,910972.14,Savings,8080.15;6731.34;3106.6;1718.95;8184.06;5725.1,ABC,active
8079295690,Jared Elliott,220178.05,Personal,8540.38;5091.25;5216.12;7348.81;6651.15;332.5;6052.11;2796.9,XYZ,active
9027006786,Tiffany Keller,99625.08,Loan,4917.97;1307.75,JKL,inactive
5948937613,Deborah Malone,503556.81,Personal,3449.71;1384.61;7348.62;7789.87;8098.33;9347.5;3577.1,XYZ,active
4903676073,Jessica Graham,914912.7,Business,920.58;5793.21;8363.08;1310.71,GHI,closed
3312701892,Zachary Rivers,664376.85,Business,8630.45;4937.86;4327.74;181.87;2815.77,JKL,closed
3560928428,Chase Powers,424208.46,Personal,6786.96;3924.64;3310.19;2838.04;8378.69;8317.34;3308.32;9565.5;1964.86;9812.81,XYZ,active
9673665619,Francisco Lamb,410346.33,Business,1495.05;6898.49;524.33;3851.53;5117.43;1662.93;1734.28;8710.14,DEF,closed
6518198002,Stephanie Guzman,174455.56,Business,2927.5;3469.17;7448.31;1654.64;9141.88;2248.79;2770.87;9091.64;7055.84;2916.58,GHI,closed
5477882436,Grant Floyd,455529.52,Savings,8289.89;289.51;4035.19;993.56,JKL,active
7878513453,Lisa Estrada,773751.97,Savings,5830.74;3693.51;9923.15;9018.97;2508.2,XYZ,closed
2344400461,Kenneth Harmon,818349.03,Personal,1768.67;5889.57,DEF,closed
4556551530,Anthony Zavala,98083.89,Savings,2925.63;1695.88;9314.92;5938.63;9955.22;6188.97,JKL,active
8394954511,Amanda Barker,121519.53,Business,6855.21;9564.45,DEF,closed
7868372803,Judy Woods,970816.07,Business,8820.45;3085.67;3151.87,ABC,active
8906824666,Kelly Page,71378.38,Savings,3969.43;6343.73;3736.36,DEF,inactive
8284039663,Garrett Wolf,642657.51,Loan,8014.67;2623.19;4485.22;3141.37;6113.77;4327.81;1047.75,JKL,active
3423343857,Noah Ray,46843.28,Personal,4130.84;1371.37;9249.88,ABC,closed
6126064073,Kathleen Cruz,920511.41,Savings,855.21;3042.69;272.01;3769.85;3817.24;8783.88,DEF,active
6614482777,Lori Thompson,669320.68,Personal,1276.84;318.64;1876.15;7570.37;6751.28;2079.63;9898.45;3705.77;2852.67,ABC,closed
8387437221,Steve Salazar,113222.24,Loan,1224.53;977.44;9645.42;1318.4,GHI,inactive
1151882308,Carlos Monroe,62070.04,Business,1677.98;5673.48;4834.24;2293.58;6914.54;5258.96;7607.97;8081.71,XYZ,closed
5728588862,Allison Burns PhD,560932.43,Savings,5661.08;361.44;4796.92;948.51;6990.88;5153.1;769.92;1275.16;3689.78,XYZ,inactive
1227422435,Alan Castro,845564.23,Personal,4389.19;909.9;2711.68;7669.18;3476.55;2853.15;2245.52;6959.23,GHI,inactive
2142599301,Ashley Williams,784451.03,Savings,3779.3;5345.15;7210.8;8205.49;2890.16;6977.62;8981.43;2013.22;6234.61,ABC,closed
5847500078,Michael Franco,586955.03,Savings,6163.74;554.77;9841.45,ABC,closed
7504834877,Keith Olson,825659.96,Loan,6968.46;3958.16,XYZ,inactive
5424454817,Nicholas Carroll,723591.41,Loan,4681.71;4762.53;8733.66;1687.46;5036.58;9249.24;8225.81;5976.1,JKL,inactive
6776160151,Ivan Mcbride,669159.19,Business,5163.69;5085.97;1124.31;6039.12;2001.86;3484.25;5383.1,ABC,active
9791947100,Kevin Williams,913203.41,Savings,761.63;9396.87;8223.19;5941.83,GHI,active
6279745912,Jamie Ward,837478.57,Savings,7055.94;6038.07;7602.66,JKL,inactive
3260456252,Sandy Arias,51307.19,Business,9957.73;2265.56;8148.96;3314.92,GHI,closed
2792994975,Jim Avery,452719.85,Savings,988.41;1204.9;4002.55;2064.04;3787.73;4789.0;9127.03,XYZ,closed
9964770059,Kyle Garcia,671080.95,Business,4275.31;2883.96;9712.24;9097.37;2612.58;5877.58;6762.05;6984.98;1141.88;6064.5,XYZ,active
2203206846,Tiffany Wilson,150245.51,Business,3813.9;7301.23;3388.56;2064.46;2493.67;5825.01;5986.24,ABC,inactive
3442942525,Christine Palmer,680241.95,Loan,2002.83;5280.81;672.96;5988.73;4394.77;4615.4;4548.73;7035.79;8203.92;2581.2,GHI,closed
5990462098,Madison Harris,811997.33,Savings,2933.75;9498.56;3838.32;586.19;8481.32;2103.06;858.69;321.98;3024.61;123.98,ABC,closed
5048600959,Victor Hamilton,931803.95,Loan,9882.65;2989.31,DEF,active
2098944726,Robert Stafford,584834.36,Savings,883.09;3337.33;5989.2;6777.04;8335.8;8977.04,GHI,closed
4035921489,Heather Williams,614967.98,Personal,363.6;7016.33;3442.43,GHI,inactive
8359487083,William Cuevas,916609.6,Loan,7548.59;7556.7;1177.67;5368.88;488.26;1132.65;8182.71;6170.99,GHI,active
7227149953,Derrick Leon,8364.75,Business,2006.36;8833.23;8682.88;2022.26;3960.74;5583.46,JKL,active
4056588371,Edward Gray,860205.51,Personal,3600.95;1956.56;2523.82,XYZ,active
9513648525,Karen Levy,652981.34,Loan,4879.64;4503.94;3066.36,JKL,inactive
1217728577,Melinda Carter,405190.2,Personal,7488.73;2699.13;5229.11;5166.55;803.32;3445.82;4656.85;2646.23,XYZ,inactive
7740656974,Traci Gonzalez,95980.92,Savings,836.42;2828.24;7805.85;7674.63;7036.48;2448.05;6398.25,XYZ,closed
3133096552,Kathleen Mccullough,315357.51,Savings,5832.9;1150.62;2036.04;1663.12;9050.57;9220.26;3942.85,XYZ,active
2904366222,George Williamson,575785.65,Savings,8037.47;5585.36;5750.92,ABC,active
6721746086,Thomas Barnett,516011.6,Personal,2561.44;991.02;4041.01;6116.97;1881.33;6399.59,GHI,inactive
3929431801,Brandi Lowe,643246.57,Loan,379.21;981.57;1465.75;4657.42;2183.5;2550.15;8831.98;4419.95,XYZ,inactive
5618282269,Justin Carey,28804.77,Business,8141.1;6951.12;9504.75;7759.27,JKL,inactive
7487446195,Richard Hernandez,6671.1,Loan,8553.51;2305.59;7520.95;4417.2,XYZ,active
5085823015,Nicholas Schmidt,123545.16,Savings,4727.56;3481.32,GHI,closed
1440682756,Jeremy Wright,940500.78,Personal,9217.07;5874.87,XYZ,active
5539349623,Heather Powell,629526.78,Personal,3903.64;5214.59;4633.08;1648.11;4454.6;3750.53;5004.24;457.87,ABC,inactive
6751935540,Brent Miller,227161.59,Savings,4542.53;4446.48;3044.62;7417.25;137.94;9867.03,XYZ,closed
2743186619,Darlene Crosby,734995.63,Personal,2243.83;5751.0;5819.5,ABC,active
7400971752,Andrew Patrick,911928.57,Savings,7431.84;1537.36;2714.76;794.74;2458.88;128.1;3568.89,JKL,active
2705366048,Michael Armstrong,416169.72,Savings,9994.83;4721.38;9465.84;902.01;9370.81;4756.92;2699.83;9955.08;9438.06;2559.62,DEF,inactive
4648837488,Timothy Mann,972772.08,Savings,8617.97;5165.94;2599.86;6397.82;5214.7;1469.79;9720.4,JKL,active
8577613196,Melinda Wilson,413097.53,Savings,9295.49;3399.34;4669.04;4249.73;8310.22;6354.29,GHI,active
4471961775,Denise Green,447541.73,Personal,2609.4;7013.93;8387.77;5772.23;9681.61;682.5;3488.28;870.96;6865.71,GHI,active
5200702610,Catherine Lee,925671.96,Savings,1831.83;9367.16;8562.03;7288.61;4411.96,ABC,inactive
7085465011,Blake Escobar,333192.94,Loan,9988.33;9710.95;581.11;1803.82;4016.72;4838.11;5548.72,JKL,closed
8058317929,Carlos Taylor,183593.71,Savings,100.38;7002.79;8558.65;7913.67;7794.13;1599.87,JKL,closed
9367147683,Samantha Melendez,282778.02,Personal,6153.45;8770.5;1723.68;8828.45;7115.36;9823.99;8182.54;4735.38;4808.4,GHI,inactive
6391469458,Dustin Johnson,794333.95,Savings,7306.08;8268.05;7676.95;4786.1,XYZ,inactive
4895398480,Diana Pierce,912547.78,Savings,4184.59;4334.45;1653.62;5343.26;181.9;791.53;166.43;680.37;158.75;5331.57,ABC,inactive
9303580428,Anthony Harris,166713.87,Loan,8644.84;6339.24;3097.5;4290.12;1153.2;6227.05;6865.54;4760.02,XYZ,closed
9275359871,Jordan Davis,875141.34,Loan,4245.35;4265.57;7754.76,XYZ,inactive
9122533230,Patricia Smith,73741.27,Personal,7362.22;6887.72;9918.57;821.58;8446.95;1283.64;9672.91;2191.66,DEF,closed
2052072412,Dr. Justin Cooper,686725.19,Business,7899.34;5001.91;4293.41;6397.06;8473.58;7134.15;9239.87;1099.76,DEF,active
1833270695,Laura Walker,972811.28,Loan,7806.28;8887.1;3018.45;3685.69;1229.29,GHI,closed
6842173348,Charles Bailey,97520.71,Savings,4257.72;9627.84;9276.51;7584.48;343.73,GHI,closed
5058048736,Dr. Andrew Simon,427075.64,Business,840.07;1862.49;2987.89;9966.67,JKL,active
1845507952,William Keith,359115.28,Business,3456.43;3675.28;9680.22;6520.0;3811.09;5577.42;2199.41;6364.62,XYZ,active
7764649595,Rebecca Davis,284222.94,Personal,1762.53;9028.51;8377.56;6710.56;5748.14;5449.53;6078.17;3237.75,GHI,inactive
8868937363,Jasmine Chen,336947.76,Savings,8192.14;8992.75;7973.78;2949.05;3211.29;3368.04;819.65;638.43,DEF,closed
6851123927,Christopher May,448125.0,Loan,6074.78;8936.49,ABC,closed
5027969587,Mark Cole,819594.86,Savings,5196.51;7877.18;149.59;5050.83;9879.6;2358.54;6896.64,XYZ,closed
4774244691,Crystal Reynolds,331621.6,Personal,3113.31;4348.98;6385.64;7045.12;4306.81;4570.5;2603.95;448.33;6408.32;8476.27,DEF,inactive
5930680670,Johnny Murphy,536938.54,Personal,1411.89;9208.79;9342.56;7397.71;9562.8;9263.92;9363.44;2215.12;1160.37,GHI,inactive
3337336991,Deanna Young,742696.07,Loan,1158.69;359.49;7349.16;8268.66;8761.45;8212.26;4745.57,XYZ,closed
9486325318,Mr. Paul Higgins DDS,93635.33,Personal,2491.91;1534.51;390.24;896.48;2689.73;754.58;8928.16,XYZ,closed
7183733222,Anthony Colon,83046.01,Loan,9105.2;5237.15;8832.21;9908.04;4161.41;6694.5,XYZ,inactive
8562587063,Angie Barron,765624.19,Personal,1122.71;4208.05;464.98;6461.43;9440.58;686.38;9348.41;9188.49;2969.82;4129.39,DEF,active
1833862351,Heather Owens,205072.19,Personal,9076.33;869.96;3968.0;2569.06;4124.9,GHI,inactive
6479891000,Jacob Payne,385494.25,Loan,994.37;3944.23;2953.06;3177.74;1818.39;9019.23;7738.92;8952.26,XYZ,inactive
6460900949,Pamela Mitchell,635402.92,Savings,7914.43;8343.14;4446.98;4823.83;7561.16;707.79;6575.54;3281.19;5520.64;1549.68,GHI,closed
8956772867,Elizabeth Martin,39355.01,Loan,8552.98;2840.16;2673.37;9868.27,GHI,active
6467134174,Nicholas Morris,808438.9,Savings,4666.08;7987.96;2799.91,ABC,closed
4909239135,Michael Anderson,346635.78,Savings,4287.12;6298.98;1835.25;4379.96;6534.66;3550.05;6317.39;1485.21,XYZ,active
8886063322,Melissa Pearson,470911.06,Business,4119.83;6829.85;5603.08;3303.43;2364.99;7595.29,XYZ,closed
4743436598,Eric Allen,104995.2,Savings,5327.03;9021.92;6192.96;6208.79;4233.96;5761.57;9739.0;9513.18,DEF,closed
1343842797,Emily Curry,845467.4,Business,5756.73;219.88;8079.95;6418.52;2335.99;7972.68;3826.57,XYZ,inactive
3116910626,Ryan Montgomery,525685.69,Loan,4825.33;8722.44;3995.79;7007.1;7876.15;6795.31;9757.26,ABC,active
8306795427,Douglas Edwards,951888.96,Savings,1020.87;8711.61;1159.63;7217.31;9933.28;2987.82;4843.15;424.13,JKL,closed
7001785118,Lauren Reeves,153225.95,Loan,8011.38;9473.33;3429.11;6333.81;2376.51;2792.92;162.01,ABC,inactive
9520431061,Evan Hughes,292486.38,Business,6222.73;4603.3;5163.88;9589.59;7292.56;8786.02;8830.27;3848.32;8672.43,DEF,active
7271121376,Leah Smith,6829.76,Personal,620.63;7418.53;4045.56;3227.22;4686.6;2645.05;7504.25;9562.6;2749.64,GHI,inactive
3048496347,Joseph Moran,538142.75,Business,3017.18;4742.48,DEF,active
7336282499,Todd Schwartz,828293.1,Business,8595.56;2464.52;7898.58;8806.85;8479.88;787.3;9139.37,ABC,active
3250306321,Alicia White,713585.65,Business,4312.86;1609.15;807.68;1325.99;6442.44;8344.71;125.29,ABC,closed
9136608061,Bruce Harrington,639893.23,Savings,3706.29;628.29;667.54;1676.77;6591.2;8384.74;9996.87;578.17;955.95;9176.94,XYZ,inactive
8145782540,Dr. Elizabeth Murray DVM,318756.41,Savings,7987.74;5801.79,DEF,inactive
7777645569,Jessica Thomas,539441.5,Loan,9028.29;5474.48,ABC,active
8851522347,Christine Smith,674427.79,Business,645.7;694.78;1644.59;2776.25,XYZ,closed
9223698068,Amy Lewis,591246.81,Business,9910.83;4567.26;3906.82;8397.46;7997.74;7269.61;1567.18,JKL,active
9787952166,David Hall,204178.55,Personal,8115.32;460.26;1621.04;7876.81;5629.91;1195.02;5083.47,JKL,closed
8452131047,Tyler Reilly,102589.97,Business,1825.01;3105.45,JKL,inactive
1498674092,Melissa Holt,658937.85,Savings,3952.21;3863.94;4468.31;2720.93;7283.56;2620.43;6425.16,DEF,inactive
1948295019,Jennifer Olson,19593.9,Business,2324.82;9407.19;4860.49;9608.81;9163.58,DEF,inactive
5614589851,Bradley Martinez,988150.59,Personal,4207.68;1759.24;8625.79;4563.27;3848.72;4523.12;821.63;5183.01;2794.89,DEF,inactive
9898774503,Dr. Jordan Kelly,77385.58,Business,6522.6;5018.88;950.04,ABC,closed
4284731501,Billy Fleming,788788.74,Savings,5603.81;6512.74;3044.95,ABC,active
4724550381,David Cole,972347.61,Personal,8887.33;9038.74;5534.98;8701.07;976.93;5920.96;5607.3;1536.06;8125.79,XYZ,inactive
1799048771,Jennifer Hodge,908871.75,Loan,7504.02;5913.62;8999.71;5394.97;2087.42;563.2;2818.01;8241.38;9853.63,ABC,inactive
7666620628,Steven Jordan,117082.42,Savings,3030.44;863.76;5784.0;3854.98;2580.57;8323.12;9340.72;5156.86;5153.65;8576.04,XYZ,inactive
6860765148,Steven Browning,443907.56,Savings,9439.78;4500.58;3815.93;3454.23;6974.89,JKL,inactive
9546730187,Lawrence Parker,103740.79,Business,7385.99;6316.24;3864.25;9796.7;1386.22;3498.78;9728.84;8933.19;4257.64,DEF,active
2827656885,Kelly Buchanan,561810.62,Personal,786.19;2312.5,GHI,active
2531463955,Rita Hall,748129.25,Business,8046.88;4415.48;5126.62,DEF,active
8856936380,Arthur Castro,40143.24,Savings,1762.43;3503.49;3891.42;4192.19;8361.81;8463.41,JKL,active
5545095377,James Rice,761940.17,Loan,8360.13;2027.39;8969.71;2288.09;4596.71;1745.46;8316.53;6704.45,DEF,active
2907850634,Steve Murphy,959361.14,Business,4524.2;2764.29;9607.4;2280.47,JKL,active
3386719633,Jessica Whitney,940521.81,Business,9541.85;8741.62;209.55;8739.29;537.57;4826.51;3380.78;1311.96;1442.14,XYZ,active
5896905018,Jimmy Smith,133115.83,Loan,5118.08;5747.76;108.35;2923.39;4581.1,JKL,closed
7153268980,Brenda Griffin,298098.65,Loan,6010.71;1219.83;5518.98;5957.86;6737.73;1045.27;7206.97,XYZ,closed
8140085231,Lindsey Castillo,414416.83,Loan,3958.09;5355.43;9766.51;3582.36;267.53;6421.53;2821.71;9675.89;6609.39;4174.69,GHI,closed
8366915387,Amy Mitchell,189178.52,Business,9450.85;2205.98;9700.2;4629.73;9126.55,XYZ,closed
2679876845,Denise Ross,376579.58,Savings,7996.31;8266.3;9591.04;7556.73;8398.15;1054.64;4529.57;5206.1;1046.79,DEF,active
1228932346,Nathan Walters,615904.99,Personal,9635.69;7021.81;740.09;4308.83,ABC,inactive
8201524171,Henry Johnson,623946.26,Loan,9284.88;118.69;4475.85;5493.54;9428.5;331.31;9494.34;4970.08;3865.3,XYZ,inactive
9701420969,Kevin Wright,390437.5,Business,5421.02;7312.44;3299.62;7281.1;5124.49;8600.83,GHI,closed
2680049346,Charles Gomez,940354.8,Savings,5645.98;2032.73;2553.22;2052.02;5436.03;3027.46;9161.93;6001.45;9839.79;3987.46,XYZ,inactive
5423821910,Ronald Ward,865736.38,Loan,187.77;6343.86;5526.65;6672.83;7050.48;7799.38;9386.1;8008.07;8289.64;8043.26,GHI,inactive
8275280671,James Poole,584876.86,Loan,8265.73;645.94;9067.37;3467.98;4255.82,ABC,closed
7665395510,Victoria Smith,531275.8,Personal,9432.86;8091.67,JKL,active
7201595427,Gary Reyes,440131.86,Loan,908.94;6965.97;1517.51;1239.99;8213.82;7658.44,DEF,active
7257958716,Vincent Perez,497963.16,Personal,1659.89;7079.58,ABC,inactive
9737543051,Jennifer Gilbert,755047.29,Savings,4299.77;845.32;8495.31;3209.1;1828.7;7541.78;6307.63;3385.82;2629.11;7435.57,GHI,inactive
8386243949,Mark Collins,919676.77,Savings,5825.8;4165.15;8701.0;6159.44,ABC,active
1686578557,Jeffrey Mcbride,883464.11,Business,1718.04;7427.31,GHI,inactive
3507235306,Travis Salazar,447265.01,Business,4282.6;2305.72;3686.43,XYZ,active
5998382851,Cindy Allen,996647.78,Business,2599.73;6907.08;114.5;6107.49;1267.41;199.47;6325.15;9225.53,ABC,inactive
8385318243,Scott Bell,101924.95,Loan,970.74;1475.34,XYZ,closed
1408201443,Timothy Reed,643664.12,Loan,3093.28;768.52;2792.8;3479.69;3548.83;6105.45;386.24;4264.59;2162.61,DEF,active
9618749831,Nicole Malone,579107.24,Business,7428.17;8064.6;5704.14;2154.65;8816.13;6171.33;9034.28;9812.78;1898.06;3877.74,JKL,active
2997936554,Christopher Thomas,812994.28,Loan,8836.05;701.87,DEF,inactive
8232471243,Amy Wallace,299595.24,Personal,2626.44;9097.75;7901.64;240.23,XYZ,inactive
4940844832,Robert Thomas,403843.18,Savings,7771.14;4970.18;9145.84;1429.41;6818.18;9292.77;4019.87,XYZ,active
1856683890,Frank Long,42616.32,Loan,3607.42;9549.29;8539.35;410.75,GHI,closed
9267804217,Lisa Green,151437.05,Loan,8052.51;1869.24;2776.46;4237.03;8419.6;7560.05;2093.94,ABC,closed
7551522013,Ebony Green,269251.44,Loan,2621.68;4014.46;5272.22;1590.04;5615.27;1694.18,DEF,inactive
9562919738,Steven Warner,987644.45,Loan,5392.72;8912.5;4310.83;5846.33;8745.93;6124.25;5684.72;1540.67;9267.58;9168.55,DEF,inactive
7769049376,Kimberly Morris,112197.89,Loan,4979.5;3988.58,ABC,active
6559029732,Alyssa Rivera DDS,659591.44,Personal,2657.89;9841.16;5521.55;3225.81;9649.58;1180.11,ABC,closed
6327008829,Timothy Cunningham,5604.9,Loan,4284.61;1890.54;7866.24;6103.64;321.22;1930.17;2600.55;1697.79,GHI,active
2223249010,Garrett Brown,591252.73,Personal,8717.86;9667.48;6042.34;9453.42;7793.44,ABC,inactive
9972440483,Donald Kim,49155.6,Loan,5370.75;720.39;3481.9,GHI,inactive
1510311298,Charles Parker,911598.15,Personal,2288.95;1258.04;3484.56;2302.82;3983.46;940.78;531.67;6099.93;6813.55;1889.93,DEF,active
2146037952,Jennifer Dawson,818544.22,Business,9243.84;6569.58;1447.79;4181.84;2182.43;4489.18;1607.82;7257.43,JKL,closed
6631901569,Brian Mays,477542.69,Loan,3958.13;608.84;8705.16;8949.18;1860.91;6728.05,ABC,closed
8276810699,David Bartlett,718316.12,Savings,7245.24;5332.78;3829.05;5523.2,GHI,inactive
5603587001,Stacey Lane DDS,89107.61,Savings,4011.55;4616.49;1788.95;4914.64;173.65;426.42,XYZ,active
6354545121,Brandon Evans,214424.17,Loan,3763.09;1977.33,ABC,inactive
8091147818,Donald Brooks,191384.3,Business,8167.78;2770.62;9238.14;6454.02;2174.88,DEF,closed
9739164520,Jennifer Page,177477.84,Savings,7392.28;4013.69;9285.92,GHI,closed
4659326698,Glenda Bell,227313.31,Personal,3806.61;5505.65;943.49,DEF,active
3068482598,Elizabeth Sanchez,976864.02,Business,3742.13;7857.6,ABC,active
2698630122,Erica Kemp,298051.86,Loan,9271.19;4604.18,XYZ,inactive
9230781226,Luke Adkins,277575.25,Personal,2491.71;6670.38;5732.39;9908.46;2108.35;6286.33,DEF,inactive
4539011119,Monica Richardson,507196.5,Business,4007.39;5537.76;9624.46,JKL,closed
1819903230,Carly Ross,853027.78,Loan,1028.85;5252.7;3945.47;1948.26;217.48;5309.76,GHI,active
7728697107,Joseph Warren,971732.64,Loan,399.61;574.95;7486.27;2714.05,JKL,closed
4875453695,Theresa Peterson,928856.38,Personal,3678.72;4226.4;1427.78;2706.74;731.36;474.37;4195.95;8515.68;6658.5;8491.7,DEF,active
3304927467,Eric Valenzuela,858992.93,Loan,887.57;7151.76;2454.71;9914.57;2793.64;2221.2;8367.01;1981.54;6470.41;6899.4,JKL,inactive
7116939848,Justin Combs,729561.09,Savings,2950.72;3869.38,JKL,inactive
7286351973,Keith Bishop,302857.26,Personal,125.7;1673.11;5675.03;1910.73;3598.52;7446.52;3053.29;317.38;9477.19;3430.08,ABC,closed
7274771207,Janet Coleman,449024.83,Business,3713.93;7374.47;5658.32;604.95,ABC,closed
6182080633,Taylor Evans,405511.53,Business,3013.87;6342.89;1511.67;5047.52;4240.96;9043.74;8018.79;4496.17;4112.17;3901.95,ABC,active
7057756324,Jose Kim,635313.06,Personal,4222.92;2264.31;8647.94;7092.57,XYZ,active
6579005770,William Wang,367266.41,Personal,8328.73;7179.15;9399.62;3276.11;4909.9;2828.6;4883.98;7168.43;1834.91;8310.23,XYZ,inactive
9756920291,Nicole Taylor,288391.01,Business,6095.38;799.18;6577.64;7082.81;1898.81;2398.98;9406.18;2866.15;4865.38;8256.47,ABC,inactive
8238103122,Tracy Morris,872479.29,Business,5873.77;8208.76;5318.94;8945.16,DEF,closed
2070393202,Eric Cummings Jr.,271519.26,Loan,4619.53;9826.43;4759.39;1597.39;8458.84,ABC,closed
2831216492,Crystal Miller DDS,651635.16,Savings,3777.86;5545.34;8332.33;3005.19,XYZ,active
6652694468,James Wu,710253.81,Personal,636.33;9234.54;1088.13;6482.1;1723.1;8627.46;6135.09,DEF,inactive
9126763970,Mr. Danny Valdez,335717.76,Personal,3151.74;3871.6;9266.43;5743.49;980.56;2472.85;8912.07,ABC,closed
6986168274,Kristen Ingram,572942.86,Business,8278.09;5302.8;3028.09,DEF,active
1339098871,Joshua Perkins,556052.91,Personal,8956.05;2466.93;6618.5;3965.38;9445.23;1630.53,DEF,active
1998177793,Richard Phelps,433198.77,Savings,4481.87;130.91;7275.84;5664.03;9893.21;9559.61;582.39;6843.84;9585.42,GHI,closed
4085540276,Troy Adkins,276465.31,Business,7229.62;3866.6;8058.95;5007.95;3968.38;4996.25;690.67;5518.81;636.26;4873.66,JKL,closed
3882735115,Steven Phillips,248090.62,Savings,6510.17;1055.56;3830.99,GHI,closed
9609612499,Jesse Holder,851970.91,Personal,7322.74;417.43;4607.43;6159.64;631.78,JKL,active
2392174550,Kerri Cox,269045.12,Savings,9719.54;1094.9;9373.0;5503.96;5335.69;432.67;166.94,JKL,closed
9112234793,Erik Santiago,288936.88,Personal,1528.47;6411.1;3491.25;2848.1;8250.37;8495.47,JKL,active
7406690778,Benjamin Glover,614894.91,Loan,2468.16;4161.76;4661.53,DEF,inactive
6957883487,David Henson,947841.79,Personal,7972.02;4150.15;798.03;2088.94;769.49;1636.31;1052.85;2863.14,JKL,active
1309227585,Dawn Guzman,551157.93,Business,5558.68;3973.28;1372.17;3037.86;4250.63;2100.6;9440.29;5120.88,JKL,closed
1088350165,Lauren Wallace,985091.08,Loan,1559.18;1353.93;770.55;4830.71;5865.91;2442.33;1641.18;3589.95;8868.44,JKL,inactive
9674016549,Alejandro Diaz,562632.1,Business,5872.35;2490.13;5137.61;4800.14;3110.52;7938.84;8353.7;1595.62;6814.56,DEF,closed
7803977821,Austin Rodriguez,296168.91,Loan,7771.39;6539.33;7588.12;2902.75;2667.15;2322.25;1789.0,JKL,closed
6011184986,Sharon Jennings,539098.11,Loan,9407.64;5748.25;8245.27;6846.93;7076.94;8004.28;9468.04,XYZ,active
3360338832,Donna Sandoval,200420.18,Loan,529.99;2019.76,ABC,inactive
6762401049,Olivia Anderson,345972.05,Loan,5360.33;2018.14;9765.1;3757.47;5103.21;934.84;1084.59,ABC,active
6398736520,Thomas Harper,340484.04,Loan,3797.27;6263.27;8785.97,XYZ,closed
2301695679,Jeffrey Garcia,981802.79,Savings,8712.61;1115.87;823.23,DEF,active
4110586413,Kathleen Nelson,781253.47,Savings,5780.92;4721.8,XYZ,closed
9238274790,Kristin Odom,433498.02,Savings,2543.22;3442.98;1410.63;1161.0;1542.1;9178.93;4994.46;817.79;2971.98,XYZ,inactive
5541350009,Steven Dunn,970037.66,Business,7040.17;5885.33;8894.27,DEF,active
9001018047,Sean Shelton,268199.46,Business,7228.3;1464.22;267.47;3082.06;2204.19;4962.61;9165.03;9357.99;4076.22,DEF,active
7463267239,Ashley Hernandez,517257.42,Personal,9298.81;2837.28;9964.19;832.96,JKL,closed
6045579268,Joseph Rodriguez,550125.27,Loan,4960.84;1587.88;483.53;4889.41;3760.41;5717.02;3351.45;9518.17;4039.92,DEF,active
1108836344,Miguel Hamilton,163200.61,Savings,9924.78;9050.23;7454.81;9991.12;8002.45;862.14;3065.87;1820.03;4219.41,DEF,active
9685349232,Timothy Bray,58675.97,Savings,721.0;2397.88;7332.47,JKL,active
1842895711,Brandy Villa,20637.74,Personal,8662.72;3929.68;8083.5;8485.98;9763.16;4922.76;7158.1;5539.91;6275.55,DEF,closed
9912525776,Melissa Smith,109513.66,Savings,4136.92;6596.33;360.86;9767.81;5370.94;1965.09,JKL,inactive
9176684735,Thomas Simon,997900.6,Business,4015.26;3710.81,ABC,inactive
1935799984,Robert Aguilar,465181.58,Business,8713.47;114.78;7537.93;3544.85;6641.44,DEF,inactive
6927371272,Hunter Anderson,892100.97,Loan,2718.05;6565.89;4247.31;3268.77;9388.16;9880.98;8244.85;4473.44;5223.02;2753.34,DEF,closed
5169191643,John Nunez,977262.59,Savings,6377.28;904.32;1021.26;7538.37;3607.66;2592.02;8274.99;6940.77;1061.14;4252.27,JKL,active
8420156845,James Smith,907567.0,Savings,6376.59;5631.69;9454.3;5277.37;6105.75;2569.74,JKL,closed
8646948619,Deborah Castillo,756343.7,Business,6606.69;3196.32;1334.56;5249.77;2598.74;2686.89;252.81;8468.34;7436.6,XYZ,active
3232091707,Brandon Johnson,926394.45,Savings,2643.18;2980.14;9644.06;7472.6;2220.61;8545.05,JKL,inactive
2020968683,Jennifer Rodriguez,271333.22,Business,2601.78;3325.22;1535.66;4160.27;3464.6;2955.35;926.47,GHI,active
5748394935,Joshua Jenkins,785210.54,Savings,8204.95;4869.28;8604.94;8720.18;4166.21;5521.02;3138.3,JKL,active
3820839151,Elizabeth Mosley,899394.25,Business,2454.56;7347.42;2783.14;8049.64;1201.07,JKL,inactive
1381035969,Kenneth Mcdaniel,735638.68,Savings,5173.52;4872.43;5400.74;5702.39;1485.66;5214.6;2716.87;5753.36,JKL,active
9511932464,Joseph Meyer,624233.74,Savings,956.81;9373.11;4725.23;1743.25;721.57;6701.21,XYZ,active
6038877718,Melissa Keith,373051.64,Savings,753.54;4214.82;2166.18;5409.9;1074.52;2643.18,GHI,active
8880591658,Taylor Zavala,55003.51,Business,3241.65;6783.04;8674.54;8034.71;9560.91;6903.55;7679.63;670.0,DEF,closed
3265324320,Kenneth Jones,545206.52,Loan,4410.49;2127.85;6818.85,JKL,active
5001109889,William Warner,455704.79,Loan,4159.97;4798.39;9134.59;5636.54;9568.22;3561.28;261.73;7991.87,XYZ,inactive
9814554177,Kenneth Cole,321436.27,Loan,1922.39;2534.24;5797.77,DEF,inactive
4068678419,Michelle Thompson,547847.59,Personal,224.39;6742.14;9586.47;2854.59;5285.91,DEF,inactive
2274849273,Mr. Joshua Bishop,196751.94,Business,6618.27;9234.48;7687.3;8471.32;8763.08;9438.43,JKL,closed
4969395158,James Bates,432602.65,Loan,4972.32;8537.24;9678.72;4001.81;8205.11;9672.55;957.29;6061.88;9475.58;5864.76,DEF,inactive
1903139279,Michael Monroe,792944.18,Loan,281.75;4784.75;629.45;7749.56;581.96,GHI,inactive
8512154867,Jordan Blevins,395847.34,Loan,1209.85;1146.32;4548.81;6273.87;2356.35;2485.95;5441.78;9087.27;4653.19,XYZ,closed
2580106370,Jennifer Martin,686554.07,Business,6280.57;6869.32,JKL,inactive
6245931509,Michael Clark,366316.67,Business,5153.64;5847.72;7187.52;9542.08;4860.07;3721.81;720.96;2565.6,XYZ,inactive
2165250193,Holly Shields MD,696429.98,Loan,7755.95;2785.42;1937.81;7968.45;8317.96,XYZ,closed
6528411292,Madeline Brown,56753.0,Personal,8786.18;8317.69;1266.77;430.88;9136.49;5005.09;5364.05;1154.35;7859.95,DEF,active
2058104293,Catherine Buckley,286350.17,Personal,779.55;1891.73;8274.22;6519.85;812.24;4924.14;6557.48;844.72;6134.66;532.51,XYZ,inactive
6242847186,John Goodman,908602.19,Loan,946.61;9046.5;7639.19;3649.44,DEF,active
8907441208,Ryan Martin,893840.72,Loan,8013.45;5982.44;7295.71;4374.66;1887.69;8842.48,GHI,inactive
3223106163,Cassandra Joseph,290970.3,Personal,208.93;4119.74;5396.43;1000.63,JKL,inactive
5773780266,Darren Farrell,353852.39,Savings,9382.75;4582.91,DEF,closed
2999435332,Ricky Ayala,237232.25,Personal,3359.15;5543.1;9635.31;3208.54,DEF,active
6628971375,Victoria Oneill,455133.7,Savings,8342.93;8603.98;5609.6;4806.97;9602.17;5051.61;5619.93,GHI,active
2175104597,Ronald Ellis,596313.38,Savings,289.51;6974.0;9536.28;2687.22,XYZ,inactive
6177327007,Sandy Reyes,829181.39,Savings,2410.6;4725.61;5690.27;2574.84;5808.6;2975.74;1228.03;4194.17;3389.43,XYZ,closed
6751237135,Levi Mcintosh,932577.94,Savings,5625.56;5432.98;2628.64;7938.76;2750.79;7333.07;2367.33;5954.17,ABC,closed
6255179000,Allison Perry,697216.66,Personal,5474.52;2574.35;7933.0;7691.7;7529.03;9987.07;7208.68,DEF,active
6778945813,Charlotte Adams,124885.82,Business,1958.09;8024.12;4834.57;8817.67;5533.43;6834.52;6803.65;5492.47;233.52;2546.44,JKL,closed
7203197826,Amanda Rice,607272.61,Personal,892.88;4066.71;7074.33,XYZ,closed
9558731332,Kathleen Rivera MD,587113.97,Savings,6495.38;9712.41;9850.95;3039.57;4509.62;8951.46;3539.66;988.45;3912.18,GHI,active
2038978128,Steven Smith,800641.94,Loan,7939.51;166.34;9152.5;9631.67;5741.44;5021.72;6222.44;4989.92;5522.67,ABC,closed
5922012768,Ricky Perry,378068.91,Savings,8486.45;6528.02;1285.71;449.63,XYZ,inactive
4982215929,Kristen Garrett,164655.69,Loan,3421.71;2084.16;7942.2;9476.98;8684.3,JKL,closed
3506041048,David Johnson,896670.96,Savings,6964.57;9971.36;5770.87;6237.21,ABC,active
3913329788,Mark Oconnor,4691.24,Loan,5354.72;6161.87;1025.35;9215.6;6682.8;4690.6,XYZ,closed
3869841387,Jonathan Munoz,235441.37,Business,1803.52;1357.12;944.48;2734.57;7076.43,DEF,active
2941008476,Donald Reeves,612724.5,Personal,5166.67;9933.47;6085.41;8260.48;6651.01;8202.78,XYZ,active
3788149807,Danny Spencer,277753.37,Savings,6300.7;2783.83;9319.1;4822.35;2743.13;6936.07;5986.7;3518.34,GHI,closed
8811904261,Allen Brown,772165.54,Loan,201.15;9087.54;2818.49;915.83;1301.16;4578.17;4330.96;2726.7;4712.19,GHI,inactive
8151518483,Sharon Clark,970852.76,Savings,5587.19;9582.28;2335.59;7043.49;1955.53;5191.42;5821.45,GHI,closed
9123653612,Sean Wagner,430993.61,Personal,9984.63;8841.43,JKL,closed
8695092639,Russell Phillips,513677.44,Loan,7009.98;3906.68;8295.31;8774.82;1190.68;8311.01;6992.94,DEF,closed
2586278484,Richard Freeman,446869.77,Business,1074.06;4927.77;8256.98;165.2;3728.09;1287.18;1372.2,JKL,active
3696535408,Michael Brown,571784.99,Savings,5961.83;2699.22;627.9,JKL,active
6429403916,Jennifer Combs,258800.41,Business,4891.49;4889.54;723.26;5975.01;5492.08;2039.91;4958.93,XYZ,inactive
4902363584,Jonathan Burns,119941.7,Loan,1618.55;1223.81;1929.55;8347.81;349.8;7478.63;7467.58;9704.75,ABC,inactive
3809269921,Sarah Dillon,149224.35,Business,1800.72;5467.65,ABC,closed
7112235950,Diane Baker,246176.43,Personal,8298.81;9228.17;8091.74;1424.45,XYZ,closed
3783417380,Ashley Bowen,81909.88,Loan,3666.08;2497.26;6783.38;5484.3;3259.85;218.26;910.75;2054.75,JKL,active
9848634595,Ronald Martin,343560.52,Savings,2545.86;9408.73;2377.12,XYZ,inactive
6428229846,Dominic Avery,504173.87,Savings,4015.12;4242.65;1394.22,ABC,active
1904331505,Lisa Johnson,700958.21,Business,9993.1;6723.64;4019.46;9433.51;3864.35,XYZ,active
8618483037,Michael Wilson,484430.94,Business,4354.26;4850.02;7149.51;2783.39;927.42;319.7;5803.32;5917.81;7870.43;3210.46,GHI,active
6943429320,Joanna Caldwell,718630.63,Personal,5260.8;1197.88;520.31;7438.37;5117.16;1217.8;7354.88,JKL,closed
9467253007,Thomas White,994362.61,Business,3079.55;7349.36;7343.23;4142.75;9365.82;2026.32;9911.29;3431.22,DEF,active
5956961988,Christian Monroe,809111.74,Business,6779.78;8359.83;3228.8;4313.21;2320.46;2688.06;4450.26;1917.33;7998.97;4844.91,DEF,active
7954659920,Michael Miller,456252.86,Savings,8379.1;739.7;2507.88;6026.57;441.71;4243.66;6580.66;4512.92,DEF,active
2248769149,David Johnson,108258.46,Savings,5679.19;7340.58;3950.55;4569.54;6853.8;1072.4,GHI,inactive
4889924156,Jonathan Grant,320277.12,Business,1623.59;8988.47;7805.61;2891.91;4935.48;4477.92;4344.37;9485.72;6667.61;1777.89,GHI,active
8989361992,James Boone,544292.2,Savings,4195.59;4009.25;5729.49;1920.97;6011.75,ABC,active
4190572146,Paula Gomez,134154.35,Savings,8403.96;7367.88;4959.85;7508.18;4626.7,JKL,active
1252261259,Donald Andersen,47113.41,Loan,8535.83;1973.57;9567.88;9654.5;4776.03;9673.03;3307.19;4281.67;887.32;4657.51,GHI,inactive
6603898860,Angela Cummings,857289.27,Personal,8114.56;3022.05;9300.2;2976.64;1990.99;2427.8,JKL,inactive
1692122504,Michael Manning,94926.44,Loan,5551.38;8811.49;2848.58;9244.93,GHI,closed
9198153939,Kathleen Perez,36094.09,Business,3546.14;8529.65;4935.99;2623.07;9074.06,JKL,active
3698436035,Marcus Norman,747866.25,Personal,9949.57;2403.25;8590.6;2804.56;125.82;1121.6;4324.13;5097.62;8348.47,XYZ,closed
2123217228,Barbara Chaney,377476.41,Personal,7211.5;9933.95;3003.28;691.28,XYZ,active
3038872680,Luis Clark,467742.16,Savings,1254.5;5501.35;4162.4;1303.9;531.18,JKL,closed
4304971943,Summer Arroyo,735144.44,Business,8484.53;2903.96,XYZ,active
5175636771,Nichole Barber,274524.46,Savings,7774.54;6515.67;1610.5;522.16;178.71;5700.15;9670.16;8608.31;4822.81,DEF,active
4679787698,Amanda Lee,785765.02,Savings,3172.28;1618.92;7947.14;9612.27;6503.1;2106.16,ABC,inactive
6067864650,Mrs. Katelyn Mcfarland,300284.1,Business,6335.46;9228.09;6485.05,ABC,closed
7799473706,Joseph Bird,868412.08,Personal,873.09;5755.03;2758.63;2396.21,ABC,inactive
6211664545,Kathleen Zhang,684012.68,Savings,7703.53;3008.7;9977.97,ABC,active
4601932891,Mallory Robertson,79464.57,Personal,8756.54;7040.55;5761.45,JKL,closed
6437098704,Angela Gutierrez,731102.58,Personal,9816.75;3614.69;9235.33,DEF,inactive
1873697977,Mr. Michael Wong,808405.17,Personal,9347.85;8815.18;6869.36;563.7;1144.15;9520.35;8397.4;2425.46;1267.44,JKL,inactive
2966543632,Ashley Keith,753085.38,Loan,313.65;2669.39;6149.51;7588.37;6056.71,XYZ,active
6419648347,Mr. Connor Salazar,944423.88,Loan,7964.29;7731.43;9083.16;6666.74,DEF,active
4772661638,Ashley Le,190136.05,Savings,621.69;115.33;2126.94;6707.54;8563.95;8221.26;4370.28;6469.98;2544.81,ABC,active
1536035366,Regina Gomez DDS,579019.55,Personal,6179.93;7573.65;827.51;7694.42;6808.83;9806.11;6849.86,JKL,inactive
6849416604,Keith Allen,845125.94,Loan,9226.6;1747.82;1362.36;9745.64;9562.33;652.97;4829.09;8593.51;9930.02;4587.22,DEF,inactive
9436516763,Debra Kelley,195276.97,Business,585.59;4908.85;4365.85;9276.98;2037.0;1718.18;6226.92;2603.69,ABC,closed
2550961165,Angela White,45514.91,Personal,1111.5;7121.16,JKL,active
5762970939,Deanna Collins,743089.31,Business,3224.01;498.78;4175.74;5772.9;164.47;5222.78;5391.1;7600.88;9663.65;8770.72,ABC,active
2455262064,Christina Jackson,744637.6,Savings,1512.87;1480.6;4195.61;8151.07;8425.35;1982.1;4788.93,ABC,inactive
5468819874,Kyle Mcdaniel,333909.94,Loan,509.79;1769.52,GHI,inactive
1251353299,Timothy Aguilar,408935.19,Business,7432.18;2522.68;3721.38;3790.8;2123.18;2200.03;9928.29,DEF,closed
9665484525,Javier Kim,9565.65,Savings,2282.24;6235.85;9083.98,GHI,active
1001887330,Chelsea Salas,431623.69,Savings,3703.99;9827.57;7721.87;6926.97;8225.45;2453.89;6911.93;6307.4,ABC,active
1441138972,Stephanie Miller,971487.84,Business,2141.53;6704.78;9192.97;5547.19;5965.75,GHI,inactive
3384361233,William Smith,962601.7,Loan,3007.1;9776.99;2932.62;4053.81;2445.22;6670.65;8956.67,JKL,closed
5931894998,Walter Patel,308987.29,Personal,5013.03;5996.4;3213.34;9464.96;7034.84;6492.17;9664.83;8771.18,DEF,inactive
2692685454,Jessica Hawkins,539741.69,Business,8267.16;1247.22;2055.73;9952.08;8182.21;830.7;2446.56;2306.22;8924.37;5612.02,GHI,closed
7316789019,Matthew Arroyo,790556.09,Personal,2542.99;2548.06;5606.0;4741.62,DEF,active
2421593528,James Kelly,882142.14,Personal,958.94;4526.72;1279.36;8350.46;7256.08;259.2,ABC,inactive
8154589952,Tina Johnson,149143.81,Personal,6410.29;1794.06;7271.89,ABC,closed
2598809538,James Weber,417893.31,Savings,6466.92;9661.79;3058.7,XYZ,active
8563396459,Shawn Bell,883544.05,Savings,2337.51;4262.5;8297.91,GHI,closed
2515841460,Brian Sanchez,983065.04,Loan,2594.59;6278.04;4674.67;2530.46;8110.49;6139.76;3951.5;7367.54,DEF,closed
1337879609,Renee Chang,651925.47,Personal,2429.84;5432.13;1895.06;5496.77;9509.89;2578.82;8645.39;5364.17;593.4;9409.38,JKL,closed
6874146252,Tammy Holloway,559808.27,Savings,9049.92;2185.71;2525.34,ABC,active
5467536373,Zachary Nichols,802754.69,Loan,3763.99;8308.47;1953.34;5286.38;998.56;8963.36;3611.58;2670.28,ABC,inactive
3858013503,Amber Moore,143279.91,Loan,7953.69;7486.87;8253.29,DEF,active
8156420771,Grant Allen,364905.4,Loan,8837.15;1162.59,JKL,closed
6911491616,Susan Smith,637485.4,Savings,8356.74;7473.28;2898.44;5770.89;9042.28;5843.64,ABC,inactive
2528581656,Ronnie Sims,76439.99,Personal,1937.45;152.71,JKL,inactive
8109714173,Michael Gregory,801573.51,Savings,5824.79;4422.39;2781.43;6392.24;2224.18;2834.65;1545.7;8787.72;7420.34,GHI,active
7668996849,William Smith,738607.64,Business,4414.11;6971.53;2775.69;4536.68;9174.9;8931.13,DEF,active
9628927104,Richard Foster,659565.26,Business,6091.48;1786.93;8815.2;1236.91;490.39;4326.96;5638.2,DEF,active
9460466103,Julie Tyler MD,36965.28,Savings,3127.17;2282.27;1729.19,XYZ,closed
2814044702,Clifford Murphy,828417.01,Business,1073.73;2397.79,XYZ,inactive
4723265970,Tammy Brennan,92366.91,Business,2798.75;6727.79,DEF,closed
1089970066,Hayley Lee,398408.38,Loan,4952.35;883.76;155.38;9605.56;6740.51;4266.4,JKL,inactive
2184498621,Adam King,230238.43,Business,8346.52;964.16;6216.3;8650.36,DEF,inactive
4418040371,Kylie Crosby,494439.23,Personal,8235.46;2439.43;8649.52;5899.09;913.61;2809.61,DEF,active
3158952211,Clinton Freeman,351930.89,Savings,6184.55;9645.19;7103.7;3163.52;9787.48;6516.82;6352.63;1655.77,ABC,inactive
7405351223,Charles Hill,254180.79,Business,8334.72;2923.11;7908.92;6709.17,XYZ,inactive
1059983958,Justin Sanchez II,330151.44,Savings,7680.92;108.83;1581.87;991.73,DEF,closed
2673056433,Justin White,594483.55,Savings,8026.21;1624.52;6390.15,GHI,closed
5361171028,Deanna Cox,264297.76,Personal,9789.99;6365.93;624.53,XYZ,active
8101310765,Joseph Nelson,414386.96,Loan,395.2;9504.84;3273.01;816.42;4427.47;3041.1;5490.06;5433.84;100.7,JKL,closed
1295576191,Thomas Roach,622409.8,Savings,6657.76;5233.78;8002.23;6783.08;3068.66;6923.42,GHI,inactive
2086799074,Katie Mercado,510730.89,Personal,7527.04;5922.42;3517.85;317.91;6220.03;3063.02;7049.49;9796.95;3555.74;6860.42,ABC,inactive
6273301651,Alexandra Aguilar,513136.54,Savings,853.62;4146.15;8600.43;6853.44;6917.55;8469.51,GHI,active
2607006451,Dennis Flores,965284.96,Loan,1949.7;8292.06;9895.34;5558.51;5385.85,XYZ,closed
9880500953,Edward Walsh,849986.4,Personal,4108.16;5100.54;5513.6;4947.31;3020.76,XYZ,active
9185134028,Brandon Wood,995411.94,Business,4617.0;1844.77,XYZ,inactive
3400560785,Tanya Johnson,299172.78,Savings,612.52;262.49;2789.2;6524.81;3489.86;7380.95;5278.9;8972.98;3515.18;6324.63,DEF,closed
6833954249,Michelle Ashley,904481.71,Personal,1508.66;7017.57;3678.79,XYZ,active
9395757225,Henry Rowland,519949.64,Business,3659.73;3864.79;1319.46;3335.82;2961.81;4182.33;3288.7;9662.57;8203.12,DEF,active
7390158959,Michael Jennings,16823.5,Personal,5203.37;477.41;3400.33;3088.88;2143.3;481.68;6120.23;7287.4;563.93;281.5,JKL,closed
7457731985,Taylor Weaver,749044.56,Personal,462.55;6316.86;6990.44,ABC,inactive
4791368887,Anthony Trujillo,188833.63,Business,2762.42;2129.73;4457.85;1771.32;8094.76;3794.97;5069.28;7582.44;9476.3;2397.38,XYZ,inactive
4819687770,Frank Barnes,124476.26,Loan,8932.37;9637.77;1149.12;3608.76;8057.72;318.67;7112.43,JKL,inactive
4575584886,Tristan Stanley,71992.85,Personal,1422.01;2314.59;7490.08;2955.79;8205.23;9445.45;4096.99;4666.79;782.83,ABC,inactive
8224841031,Jerome Washington,309942.06,Personal,2248.79;106.33;332.47;9811.98;5135.81;4914.5,JKL,active
8417225242,Alicia Novak,611969.83,Business,6040.65;5443.09,GHI,active
8365137779,Michael Glover,838053.08,Loan,8150.35;1861.87;3666.09,DEF,closed
2357597436,Heather Robinson,750942.47,Personal,767.92;5425.23;9249.15;7649.41;8136.02;6262.6;3117.82;3198.59;3457.66,JKL,active
8166431551,Andrew Clark,215685.08,Personal,9568.83;9069.32;6188.48;4025.3;643.44;2520.69;1478.14;8638.35;8545.09,XYZ,closed
9513765095,Dawn King,28801.43,Business,8922.74;7928.37;9591.47;7761.65;6078.18;955.91;1944.42;4235.09;6092.38,XYZ,active
7438687157,Cristian Rivas,481035.93,Personal,9515.68;7491.1;8880.34;9877.21;4232.66;9492.55;7594.06;3798.51;365.48,GHI,active
6508915425,Samuel Myers,496036.36,Business,8930.69;6212.49;4159.45,JKL,active
1953825617,Tammy Russell,156920.14,Business,8801.72;221.87;1895.57;6266.18;1660.88;4124.4;2690.87;3657.52,GHI,active
5868190073,Melinda Montoya,215488.33,Business,4758.22;1413.5;5457.32;1225.86;6683.1;8099.87,DEF,closed
5981286514,Tasha Stanton,762741.81,Savings,7131.98;621.01;8805.27;7020.64,JKL,active
8098848252,Krystal Lopez,701442.72,Business,8156.59;3819.61;6206.37;9444.83;6109.18;5106.91,ABC,inactive
6193314066,Cory Garcia,463361.25,Loan,9246.01;4783.04;4520.69;2061.2;9700.44;9017.03;4280.7;4146.83,DEF,closed
9619731483,Sarah Morgan,566628.89,Savings,7028.94;6386.6;2035.23,XYZ,active
5852187445,Julie Washington,636506.18,Savings,4201.01;1186.49;5535.93;9768.08;161.8;3119.27;1959.86;820.8;7761.39,GHI,closed
4427410927,Mario Reyes,172970.1,Business,3933.81;3082.14;7075.32;230.55;3826.71,GHI,active
2340538381,Oscar Pena,626884.61,Business,2881.16;876.35,GHI,active
7363664417,Victoria Flores,634411.39,Loan,2778.19;6683.28,XYZ,inactive
5487439066,Kimberly Wolfe,523247.65,Savings,1470.76;1128.73;8195.05;5357.31;781.25,DEF,inactive
2324842372,Stephen Price,990528.74,Savings,1612.57;1373.9;8471.98,XYZ,active
9929381347,Jorge Miller,867474.39,Business,1745.77;4535.01;7604.72;6169.96;8744.8;7111.46,JKL,active
1778468372,Suzanne Bradshaw,118944.13,Savings,2596.61;2767.17;4125.34,DEF,inactive
5399616720,Colin Fowler,447001.13,Savings,7852.51;5013.77;7281.83;9547.45;5117.66;5250.46;3976.29;4166.25;5377.89;5487.96,ABC,inactive
9255371549,David Solis,881571.0,Business,1132.96;1067.86,JKL,closed
3556756077,Glenn Moore,149534.82,Business,4434.01;260.81;7686.2;4599.39;5624.74;2917.24,ABC,active
1436701124,Cory Everett,124428.88,Business,8599.98;6733.02;7877.02;3427.67;9731.58,XYZ,inactive
9547077642,Michael Murray,780921.52,Business,8123.02;7362.61,JKL,closed
1109841439,Rachel Evans,910032.63,Savings,9608.01;1889.59;1606.51;1642.56;4344.53;4563.98;9355.22,GHI,inactive
8300987815,Kevin Bishop,324215.17,Personal,5405.64;7632.14;4513.82;9214.12;789.41;6100.16;7048.09;5564.2;6759.4,DEF,inactive
2762770740,Carol Mcmahon,107259.05,Loan,9287.71;7543.82;624.69,XYZ,closed
5447151894,Jaclyn Aguilar,117590.19,Savings,4830.31;4173.31;2111.72;6178.81,XYZ,closed
6518095540,Jo Richardson,913277.83,Loan,5543.13;1103.93;826.23;7412.21;9201.01;7285.03;9078.57;4648.01;6603.91,XYZ,inactive
6992807295,April Williams,524152.91,Personal,5049.07;2715.76;2630.77,JKL,active
7146221431,Randy Caldwell,271608.02,Personal,3432.95;4313.08;2841.62;3822.9;2763.11;4257.01,DEF,inactive
3458828866,Jamie Randall,502982.91,Business,8103.12;5037.26;8421.91;4087.58;4781.16;8787.91;3360.91;9828.95;3681.89;9744.38,GHI,active
4009539138,Natalie Blackwell,381703.51,Loan,7143.81;7328.04;9654.97;7558.91;4322.9,GHI,active
6216204801,James Branch,965372.78,Savings,7924.59;7393.59;6073.41;2668.1;7376.23;190.67;9599.85,DEF,inactive
7454344713,Gina Evans,984262.5,Savings,9107.64;3517.47;1542.13;3831.75;1294.33;3320.33;1538.5,JKL,active
7689557578,Jesse Smith,178557.8,Loan,5064.15;4783.19;200.83,JKL,active
3876274722,Christine Espinoza,844404.89,Personal,6324.11;4682.73;1761.78,GHI,active
7957643986,Mark Roberts,323057.35,Personal,7211.32;2212.54;6452.0;9620.25;1583.0,GHI,active
5896789171,Breanna Owens,477768.85,Loan,3211.06;9149.94,JKL,active
4536128129,Peter Martin,281434.72,Savings,8857.18;2432.41;9315.84;2157.94;7497.21;2701.09;3243.38;4479.72;3450.98,XYZ,inactive
8624813534,Jeffrey Rhodes,148370.31,Loan,4048.35;7554.67;6360.85,JKL,active
5617259539,Tina Thompson,178488.86,Savings,6172.61;1142.27,ABC,active
1594950214,Katie Wright,889006.42,Loan,8445.94;2705.4;6874.76;7078.7,XYZ,closed
2322908756,Bruce Mitchell,983898.04,Savings,8719.85;6458.77;6291.48;4749.81;6252.23;6935.3;621.89,GHI,closed
7429800580,Veronica Lewis,194731.92,Business,5614.01;7756.35,JKL,inactive
5265745218,Richard Roberts,486130.31,Savings,6679.56;4459.24;5617.29,DEF,closed
2108188409,Mrs. Rachel Herman,71749.9,Savings,7200.52;4122.64;3762.32;9970.86;5527.96;6822.02;3561.09;9954.51;5680.18;5024.38,JKL,inactive
4438913911,Michelle Skinner,126042.49,Loan,7325.6;1562.43;416.23;272.24;5913.07;5496.42;653.42,ABC,closed
3880002951,Edward Singh,380959.33,Business,8308.66;4001.6;6191.65;4089.04;2344.03;9254.59;2455.41,ABC,inactive
2033587454,Allison Rice MD,454363.52,Loan,2629.25;9306.33,XYZ,closed
9891944275,Teresa Avery,605118.92,Savings,3292.01;7389.25,DEF,inactive
5796172212,Travis Rasmussen,270674.95,Business,2396.95;5404.69;6432.85;9955.91;3719.43;3972.1;1054.82,JKL,active
5155581283,Emma Kemp,206710.55,Loan,7590.86;7870.14,DEF,inactive
6524806278,Angela Stokes,25463.69,Business,4964.93;3882.68;8494.21;1702.96;4651.95;2866.19;7752.71;3241.65,ABC,active
9879023621,Randall Roberts,786538.94,Business,3478.83;5262.25;6758.38;7374.84;6426.39;3426.17,JKL,closed
4731192934,Jeffrey Johnston,88097.15,Personal,3704.42;1085.62,DEF,active
2845282038,Derek Ball,190234.36,Business,6098.83;6920.08;8399.0;5323.99;4905.53;5952.78,DEF,inactive
4148120891,Joseph Williams,207259.44,Savings,4730.87;3165.69;7419.42;8578.51;2851.76;1959.48;9600.55;1519.58;8099.07;9813.74,GHI,closed
5326676168,Dawn Richardson,899128.28,Loan,1928.24;8957.74;8600.59;9973.93;1050.43;358.1;3135.27;3629.37;2265.43;4561.09,JKL,closed
8531196176,Melissa Perez,484226.52,Business,3906.57;1778.51;1149.12;1700.94,GHI,inactive
2944954756,Timothy Lucero,283071.86,Business,7818.1;4791.68;450.6;3600.64;494.6;7320.94,XYZ,active
9410041702,Kim Rivers,876803.74,Business,8732.79;3334.7;9481.72;7695.24;3451.9;1150.62;3081.26;3306.34;3478.96;7695.29,ABC,active
5837590901,Brandon Guzman,787310.8,Personal,4927.9;1211.18;9953.75;1348.82;6498.11;3944.62;1229.42;3145.06;4044.87,GHI,closed
6026347212,Mr. Justin Rhodes,483742.27,Personal,4335.4;6237.5;7048.81;9394.84;9657.48;9828.34;2104.45,DEF,inactive
7442329685,Emily Moore,588797.06,Business,7446.1;4042.13;7408.16;5787.67;7307.92;5897.61;778.28,ABC,inactive
1244323810,Brian Gillespie,995418.16,Loan,9993.59;6744.05;3684.03;1602.55;8390.69;8786.57,ABC,inactive
8524770754,Nicholas Mckee,612956.79,Savings,7682.77;4449.22;1316.19;431.65;6184.98;5763.35;4709.04;2853.69;7435.65,XYZ,inactive
1617269528,Jeremy Hickman,366545.12,Personal,3039.89;3284.79;1086.17;590.32;4103.3;6903.5;5355.91;517.8,GHI,closed
5435878963,Robert Clark,421019.4,Savings,1246.7;9370.12;2754.86;5527.36;9981.67;5452.78;7046.15,XYZ,closed
6020655249,Gail Murphy,154436.26,Loan,9695.45;5069.26,XYZ,inactive
7590503504,Ms. Tammy Thomas,108860.15,Personal,186.55;2863.79;6471.44;7530.45;9635.7,GHI,active
9486384066,Rose Martinez,692450.51,Personal,5996.24;1761.61;7982.18;4665.49;3144.64;7326.84;9984.16;8538.46;9369.41;2270.23,ABC,inactive
8034185973,Charles Fry,544080.82,Personal,2994.65;8428.26;7581.91;7722.41;8064.29;2444.44,JKL,inactive
2174403140,Veronica Fitzgerald,825750.99,Loan,5517.15;3428.26;1378.09;1726.23;9441.31;1191.71;8247.72;9249.39;8620.19,ABC,inactive
1037089517,Cody Miranda,598339.09,Savings,1664.86;8585.54;2275.4;3517.28;4328.77;1688.43;3924.4;7858.06;2426.99,DEF,active
8745754654,Laura Johnson PhD,580270.41,Savings,5779.07;4543.81,JKL,active
8810975378,Ann Duncan,780389.66,Savings,3158.59;5347.6;8726.77;3064.93;5276.72,ABC,closed
7434533380,Gregory Chambers,661425.29,Business,2506.36;7308.29;6220.99;8820.69;3287.6;4484.5;3831.77;7828.34;5710.18;515.06,JKL,active
1398474656,Victoria Abbott,276104.15,Loan,2719.23;4234.8;4328.77;1074.0;1077.49;8807.93;4293.43,JKL,inactive
8814769793,Nancy Simpson,587523.46,Business,8520.15;7343.73;5722.78;7464.78;1462.05;9479.56;6785.27,DEF,active
2198246380,Miranda Johnson,376267.59,Loan,388.8;779.55;7200.18;9680.46;3404.96;7766.27;8211.19;2890.18;8543.54;1932.39,ABC,active
9026749630,Christopher Singleton,149579.97,Savings,271.95;9108.91;2906.8;9035.12;5514.29;8471.01;7623.66,JKL,closed
8008939647,Shelby Prince,932092.02,Savings,7466.94;7697.46;4748.3;5886.02;3482.98;2577.81;9302.57;3815.29;902.37,JKL,closed
2857045424,Tami Porter,927809.3,Loan,1133.2;9018.38;8844.76;9587.43;5972.99,ABC,closed
4813897721,Mary Gomez,132970.8,Business,6613.93;5863.29;8164.67,JKL,inactive
3544440386,Carolyn Guerra,425528.02,Business,2200.97;2649.72;422.64;1175.73;5817.2;8344.48,GHI,inactive
9284146133,Sean Gonzales,990569.73,Business,8241.25;4586.98,XYZ,closed
7806454799,Jennifer Cooley,538415.9,Loan,4645.54;3895.9;5643.42;6295.68;8458.13;8361.8;9211.69;3385.25;9802.67;2847.08,GHI,closed
7843157313,Michael Lambert,208760.29,Loan,3016.78;8686.81;8161.87;7324.68;6731.12;1534.61;9034.56;7287.44,XYZ,inactive
7317585907,Jeffrey Brown,435046.61,Business,1200.49;5911.38;7882.52,JKL,active
7358609960,Catherine Perry,258085.35,Loan,6547.66;332.13,ABC,active
4953993558,Mark Silva,159461.53,Loan,5997.57;9442.56;267.69;5941.9;6940.0;9260.99;2857.31;4012.04,ABC,closed
9163341868,Kristina Lawson,100408.67,Loan,3705.3;3455.99;6927.19;2993.81;5974.86;6343.59,GHI,closed
4014535450,Denise Rogers,758984.94,Savings,2052.06;7332.68;3501.82,GHI,closed
3692455277,Heather Barnes,109781.39,Business,8877.88;2645.01;9465.63;8988.51;6262.26;1739.3,GHI,inactive
5927049702,Melissa Weber,807204.51,Savings,7407.1;7361.78;6651.5;6115.3;4496.64;5575.14,ABC,closed
6300864752,Mr. John Gonzalez,218657.97,Personal,4591.98;7450.29;8215.92;9538.28;9595.61,DEF,closed
2675707485,Jasmine Fernandez,275004.99,Business,1586.76;1100.33;3100.12,ABC,active
3984384726,Anthony Zamora,717536.87,Savings,2950.06;4043.24;2781.19;9970.25;6140.88,ABC,active
6665019388,Susan Waters,445713.61,Business,1632.32;8490.16;7698.65,JKL,active
8165626129,Mr. Thomas Thomas,326255.51,Business,8381.64;5993.91;2357.62;4026.31;7297.67;6784.97;1526.78;2191.72;2702.19,XYZ,closed
8145693265,Adrian Mason,605970.64,Savings,6743.4;4428.43;8104.41;1448.0,JKL,closed
5880326302,Nicole Zhang,239625.02,Savings,6957.01;7124.79;6274.11;6075.15;443.37;7475.69;6094.45;9882.2;9803.25,XYZ,closed
7808505229,Nicholas Gonzalez,841439.43,Business,2497.9;4889.9;8358.02;4780.34;6002.33,DEF,inactive
9571889545,Luis Blankenship,129927.37,Business,2600.48;2448.95;4592.19;6168.9;4916.82;734.4;5215.74,DEF,inactive
5197681692,Christian Hunter,399328.86,Loan,2488.46;3335.47;8016.2;4043.02;5533.45;4455.94;9223.27,GHI,inactive
1819088575,Amanda Wood,291518.83,Loan,1875.05;9099.06;3172.48,ABC,active
4782125207,Brenda Hahn,769185.05,Savings,8715.65;842.37,GHI,active
9252081322,Jessica Martinez,270352.49,Business,4938.47;586.55;4485.88;6468.12;136.69;7076.94;6573.09;6257.48,JKL,closed
4578187841,Amy Carter,609878.67,Personal,3427.0;3381.1;6074.43;9414.92;2752.32;8276.06;5481.72;984.79;9888.63,ABC,inactive
1201229809,Joshua Cabrera,845553.41,Business,3135.2;2377.93;4655.16;6053.81;7426.49;3964.71;3650.57;386.91,DEF,inactive
1461027582,Jessica Garcia MD,797170.66,Loan,6335.99;4517.31;8926.1,JKL,inactive
2982359086,Nicole Brown,268107.33,Savings,5942.6;6316.46;3048.16;4469.17;8858.76,JKL,closed
3502606218,Joseph Golden,111473.54,Savings,2536.95;6021.1;5107.15;4751.04;5390.99;3452.2;506.11;6662.92;1932.67;2675.38,JKL,active
4993732489,Stephanie Clark,625255.64,Personal,6603.72;4041.19;2442.28;6741.78,XYZ,closed
4180009232,Alicia Reed,893781.43,Business,1041.51;720.47;2839.42;290.86;5957.31;8718.8;5207.34;8422.36;4166.07,XYZ,active
7411771028,Caitlyn Curtis,574109.79,Savings,7055.4;8752.1;3527.74;8605.79;6469.17;6201.64;1886.06;2947.49,JKL,closed
9324581709,Kevin Downs DDS,186508.38,Personal,3873.36;7731.24;7587.29;9465.36,XYZ,active
9305676599,Traci Wyatt,588619.19,Savings,6924.9;2478.74;7740.43;6919.82;2402.4;1801.1,XYZ,inactive
4696666935,Alexandria Gardner,934705.31,Savings,738.95;4934.75;5930.69;1080.64;7523.02;7277.14;9561.35;2853.3;7510.47,DEF,active
6157615226,Audrey Russell,236900.76,Personal,412.73;3924.37;5555.47;4834.1;1214.62,XYZ,inactive
3271793529,Jordan Graham,551838.21,Personal,1888.33;4298.53,JKL,closed
7466053962,April Sanchez,583704.12,Business,114.68;8259.62;1586.72;6277.27;8628.5;4189.07;7431.81;8288.22,XYZ,closed
6646372375,Patrick Schmidt Jr.,475861.42,Business,1902.84;7905.53;921.28;1154.32,ABC,inactive
2659968478,Brian Baker,110996.79,Loan,1787.11;6247.55,JKL,closed
5398240424,Jonathan Hardy,584965.28,Business,4080.37;5624.65;6014.7;1464.58;4160.44;6663.16;6928.48,DEF,active
3759708496,Lisa Carey,769215.39,Loan,4663.64;6043.98,XYZ,closed
7783094103,Mary Sutton,831700.39,Business,934.4;9122.68;8203.89;3401.33;2064.42;991.94;5533.96;4150.85,ABC,inactive
5305256026,Charles Lucas,241053.19,Loan,2055.77;7653.78;3400.09;3402.62,GHI,closed
1516050280,Mark Bennett,861877.06,Loan,7389.31;5743.54;9757.26;362.84;4084.76;186.49;2630.47,JKL,closed
2357201537,Taylor Duncan,639539.46,Personal,5062.32;433.29;9676.2;9011.97;7820.44;7204.28,JKL,inactive
8238604497,Gerald Wood,695485.04,Loan,609.06;3960.72;6735.24;2886.8;9108.44,ABC,active
1052017062,Nathaniel Fisher,868449.25,Personal,236.79;6015.82;5658.2;7411.66;6491.61;710.54,ABC,inactive
9319700662,Joshua Moody,458965.77,Business,1855.66;7844.92;3069.07;8081.61;5837.56;326.99;646.61;7512.58,ABC,inactive
5807223767,Ellen Campbell,312926.29,Business,8257.42;443.42;1795.99;3854.97;4978.22;1713.09;9201.88;6000.92;3126.08,GHI,active
7991142704,Brianna White,451941.93,Business,9075.07;8912.4;544.97;9913.08;5100.36;6756.77;1397.57,ABC,active
1720010257,Michaela Strickland,771825.82,Personal,6883.5;6750.38;6038.33;4807.83;9010.92;8715.26;2563.58,XYZ,active
8301521852,Jacob Jones,375687.33,Business,2346.98;1743.38;3682.61;6321.1;6556.17;3532.12;7818.59,GHI,closed
1535809829,Melissa English,478293.9,Loan,9667.23;5058.29;740.42;4350.84,XYZ,closed
1684117195,Nicholas Schneider,38458.29,Loan,6560.35;7002.85;7805.57;3815.51;379.49;2686.8;1785.45;7526.15;7054.99;7376.72,DEF,active
1478688874,Ryan Lewis,493652.97,Personal,9019.99;1354.87;5154.45;7075.14;1729.3;9328.24;8485.99,DEF,inactive
4860672742,Samantha Williams,890833.94,Savings,7161.74;6672.64;8281.6;7958.85;1133.19;662.11;9614.43;3493.33;9551.64;1878.74,ABC,active
6738603032,Heather Pittman,654865.25,Business,7179.83;8387.43;7403.42;7934.14;5428.87;301.3;9814.3;5814.61;536.76,ABC,active
5401362773,Leslie Lewis,221880.9,Personal,353.85;7692.95;6440.38;8751.85,XYZ,active
2572417157,Jody Harris,722833.54,Personal,8057.05;679.43,XYZ,closed
1532151828,Steven Bennett,254618.87,Personal,1222.62;7933.12;7241.51;835.18;7526.06;9020.85,JKL,inactive
8762743118,Deborah Martinez MD,390573.47,Loan,2321.09;8656.11;4815.33;3630.22;221.14;1975.99,DEF,inactive
4284885830,Garrett Wood,709997.85,Savings,5277.58;9737.91;4984.38;9115.73,GHI,inactive
2346192474,Shannon Nichols,523189.78,Loan,5882.39;7856.39;3226.94,GHI,active
7867119807,Keith Mosley,151528.62,Loan,6452.98;7862.6;1333.92;2674.03;2242.57,JKL,inactive
5992923312,Roger Williams,77322.09,Savings,9817.71;7601.3;9759.87;3278.8;1233.8;187.16,JKL,inactive
5140319086,John Warren,315237.11,Business,2696.08;1142.81,ABC,active
2737046618,Joel Gibson,145181.9,Personal,7693.39;117.93;879.34;6369.87;426.36;3753.95,JKL,closed
7089466660,Tracy Jones,527135.84,Business,405.46;4910.72;9562.26;5391.66;1325.82;542.04;2632.51;3553.39;5658.24,GHI,active
5307610769,Ronnie Brown,366229.28,Personal,7878.04;7489.15;9806.91;9910.23;3085.41;9615.41;3998.19;981.78;8385.99;4372.79,GHI,active
5693143213,Elizabeth Morales,295613.0,Savings,6738.09;1052.3;8980.49;4470.77;5058.46;8902.01;6832.24;6582.32;163.25,XYZ,active
5311792774,Patricia Williams,151177.55,Loan,6338.36;7156.43;1490.94;7740.63,GHI,active
7595043626,Alyssa Cole,913262.14,Business,1021.83;6213.45;4295.85;4029.18;832.95;4828.05;6655.9;1447.84;6445.84;6004.28,DEF,active
3126334935,Dr. James Owens,792666.98,Loan,6816.79;3207.95,GHI,active
5486658061,Matthew Holden,335087.05,Personal,3156.53;4808.69;4672.73;6689.2;4897.96;9433.52;3169.03;7504.17;5004.4,DEF,inactive
9530200236,Crystal Jordan,789009.56,Loan,4313.42;5961.05;990.11;5782.47,XYZ,active
5296145322,Paul Poole,683094.74,Loan,853.46;9207.45,XYZ,inactive
2142284319,Belinda Bailey,886715.17,Savings,360.17;6657.15;9388.68,JKL,inactive
1891095668,Bill Miller,117104.42,Personal,8057.27;1342.44;1442.61;6574.64,JKL,closed
2916080701,Tiffany Larson,854093.57,Loan,9194.57;4800.3;1579.74;6529.49;1845.5;8136.5,GHI,closed
7816091640,Amanda Andrews,466358.85,Loan,1329.79;9462.22;154.46;8058.14;4203.34;5102.31;8672.06;1868.78;3484.22;9248.82,JKL,active
9264840533,Alexis Kelley,906514.87,Savings,2161.22;3828.43;3211.15;925.69;4045.1;4664.96;5163.27;7490.33;6130.75,JKL,closed
6433831155,Dean Oconnor,928949.95,Business,3562.82;6134.54;4831.75,ABC,closed
9643943804,Joseph Clark,878736.4,Business,6320.29;9419.11;565.51,XYZ,active
2420853335,Jennifer Romero,384209.05,Business,1847.34;5589.81;8679.67;3498.99;7907.63,GHI,active
4986666479,Dr. Gregory Carter,265385.94,Loan,5127.63;6921.43;9713.25;792.22;9111.14;3203.82;455.89;6212.26,ABC,active
2513871237,Mary Schneider,953293.53,Personal,9438.64;8667.95;8387.72;1342.68,GHI,closed
8497096138,Angela Hicks,273669.05,Loan,461.36;4046.92,XYZ,active
9554234021,Aimee Watkins,425485.2,Loan,2221.17;7420.42;8456.78;7943.18,GHI,closed
1110466683,Leslie Robinson,185991.97,Savings,941.75;3533.9;5175.22;6463.91;1716.19;4204.03;7225.09;1282.09;9631.33,ABC,inactive
9263005086,Robert Garcia,456844.63,Savings,959.81;9212.22;5610.25;221.42;4572.38,DEF,closed
1708206332,Jaime Smith,675348.76,Loan,5683.97;2204.18,ABC,active
4552038414,James Murphy,872632.36,Personal,3222.29;4344.1;9218.28;467.86,XYZ,closed
6358250314,Amanda Todd,3023.52,Personal,4194.96;3765.53;4659.24;5785.19;6333.67;9035.72;6380.35;6455.38;6060.74,ABC,inactive
8254862126,Antonio Fernandez,230330.89,Loan,8624.98;7713.23,DEF,inactive
8220512261,Andrea Donaldson,261935.45,Personal,5482.01;335.18,DEF,closed
5564131254,Christina Levine,877568.67,Loan,1447.29;4274.85;7421.16;6410.99,ABC,inactive
2561439202,Laura Scott,698679.88,Personal,2473.85;3485.01;4968.3,XYZ,active
3357569446,Kyle Stein,127349.74,Savings,3810.91;4258.96;4463.05,XYZ,inactive
8519849015,Lindsey Williams,613895.2,Personal,4758.54;5649.35;3532.16;5894.89;7740.33;6695.7;9415.11,JKL,inactive
8879924359,Timothy House,32159.65,Personal,1712.81;7115.43;5762.95;9733.5,JKL,active
1764048976,Matthew Gilmore,672413.18,Personal,165.43;8785.77;5990.37;4584.72;2615.48;7203.32,XYZ,inactive
3982602843,April Browning,276450.64,Loan,5303.49;9258.15;2747.96;9749.92,JKL,closed
7135636438,Nicholas Henderson,133491.61,Personal,7300.06;1742.19;749.76;4130.38;3082.97,ABC,inactive
5280008196,William Wells,376231.58,Loan,3915.31;3239.52;9402.48;5676.57;494.19;7175.21;7712.82,DEF,active
8188504465,Maria Montgomery,380973.89,Business,6175.86;4745.99;3999.56;5143.14;3063.1;2765.12;3837.41;529.39;7657.32,GHI,active
4669443754,John Wright,115202.68,Savings,4434.85;9561.65;7639.13;8473.27;7037.6;2021.45;2837.89;8727.04,JKL,inactive
4768185776,Timothy Garner,679835.02,Savings,1963.6;5891.81;5856.5;9414.91;6494.16;6085.23;8441.14;5165.8;2997.79;8522.25,JKL,active
2909327389,Kristina Baker,47698.78,Loan,5585.72;6419.64;5187.43;1411.42;2878.95;5696.63;9798.87;5901.82;900.27,ABC,inactive
5928020734,Steven Little,958665.84,Business,7178.84;8796.32;5577.25,XYZ,closed
5284052067,Lisa Parker,36431.91,Personal,340.95;6589.59;5383.23;1484.54,ABC,active
5390849854,Ryan Johnson,535376.99,Savings,9476.87;6464.94;3899.39;6472.33,GHI,closed
5102508018,Mark Mcdonald,585042.1,Business,6280.12;3946.04;3236.59;9584.59;6226.77;1623.13;8332.12,ABC,closed
1073449254,Anthony Tapia,155630.65,Loan,286.24;7540.39;2542.77;3694.87;4473.47;7057.31;1347.97,DEF,active
8900925515,Julie Kirk,599123.05,Personal,8098.32;5794.1;8474.82;5350.43,ABC,active
8713775028,John Haas,139782.88,Savings,9506.01;1534.08;5790.93,GHI,inactive
2947030058,Heather Miller,557263.89,Personal,4247.46;3297.07;177.42;3931.23;3950.41;9191.09;1202.38;295.54;8917.96,JKL,active
5991410889,Laura Braun,30962.15,Personal,2187.9;4077.07;7566.5;1146.17,ABC,closed
1013461732,Christopher Wilson,728311.32,Savings,573.49;9832.58;7801.19;4223.31,JKL,active
